Date - Time,Lat,Long,Depth,Mag,Location
31 July 2020 - 11:28 PM,5.58,126.23,33,2.7,076 km S 64° E of Jose Abad Santos (Davao Occidental)
31 July 2020 - 11:09 PM,8.51,126.81,23,2.2,055 km N 73° E of Hinatuan (Surigao Del Sur)
31 July 2020 - 11:01 PM,11.42,125.17,83,4.1,019 km N 35° E of Basey (Samar)
31 July 2020 - 10:43 PM,8.47,125.87,34,1.7,010 km N 78° E of Talacogon (Agusan Del Sur)
31 July 2020 - 10:34 PM,8.51,126.65,3,2.2,038 km N 66° E of Hinatuan (Surigao Del Sur)
31 July 2020 - 10:30 PM,9.93,126.03,18,2.7,006 km S 87° W of San Isidro (Surigao Del Norte)
31 July 2020 - 10:03 PM,8.45,126.69,10,3.3,040 km N 77° E of Hinatuan (Surigao Del Sur)
31 July 2020 - 10:00 PM,8.45,126.91,15,3.5,064 km N 82° E of Hinatuan (Surigao Del Sur)
31 July 2020 - 09:36 PM,8.47,126.79,22,2.4,052 km N 77° E of Hinatuan (Surigao Del Sur)
31 July 2020 - 09:26 PM,8.38,126.6,27,1.7,030 km N 87° E of Hinatuan (Surigao Del Sur)
31 July 2020 - 09:25 PM,8.44,126.71,18,2,042 km N 80° E of Hinatuan (Surigao Del Sur)
31 July 2020 - 09:17 PM,8.42,126.81,26,2.2,052 km N 84° E of Hinatuan (Surigao Del Sur)
31 July 2020 - 09:12 PM,8.33,126.65,26,2.6,035 km S 82° E of Hinatuan (Surigao Del Sur)
31 July 2020 - 08:47 PM,8.43,126.53,35,2.3,022 km N 73° E of Hinatuan (Surigao Del Sur)
31 July 2020 - 08:40 PM,8.44,126.63,11,2.3,033 km N 76° E of Hinatuan (Surigao Del Sur)
31 July 2020 - 08:15 PM,8.42,126.47,32,2.3,016 km N 69° E of Hinatuan (Surigao Del Sur)
31 July 2020 - 08:00 PM,8.43,126.56,33,1.8,025 km N 75° E of Hinatuan (Surigao Del Sur)
31 July 2020 - 07:58 PM,8.45,126.7,12,2.3,041 km N 77° E of Hinatuan (Surigao Del Sur)
31 July 2020 - 06:23 PM,8.46,126.66,9,2.8,037 km N 75° E of Hinatuan (Surigao Del Sur)
31 July 2020 - 05:28 PM,8.46,126.71,15,2.6,042 km N 77° E of Hinatuan (Surigao Del Sur)
31 July 2020 - 04:31 PM,8.47,126.59,12,2.8,030 km N 69° E of Hinatuan (Surigao Del Sur)
31 July 2020 - 04:14 PM,8.51,126.72,6,2.8,045 km N 69° E of Hinatuan (Surigao Del Sur)
31 July 2020 - 03:57 PM,8.46,126.63,5,2.9,034 km N 73° E of Hinatuan (Surigao Del Sur)
31 July 2020 - 03:43 PM,8.49,126.65,8,2.7,037 km N 69° E of Hinatuan (Surigao Del Sur)
31 July 2020 - 03:33 PM,15.59,120,65,1.8,008 km N 39° E of Masinloc (Zambales)
31 July 2020 - 03:17 PM,8.44,126.74,9,2,045 km N 80° E of Hinatuan (Surigao Del Sur)
31 July 2020 - 03:15 PM,8.42,126.76,17,2.8,047 km N 83° E of Hinatuan (Surigao Del Sur)
31 July 2020 - 03:07 PM,8.35,126.57,24,2.7,026 km S 86° E of Hinatuan (Surigao Del Sur)
31 July 2020 - 03:06 PM,4.87,124.42,33,3.3,126 km S 10° W of Kiamba (Sarangani)
31 July 2020 - 02:06 PM,8.51,126.84,19,5.7,057 km N 74° E of Hinatuan (Surigao Del Sur)
31 July 2020 - 01:23 PM,13.07,123.99,31,1.6,011 km N 08° W of Sorsogon (Sorsogon)
31 July 2020 - 01:17 PM,8.53,126.66,19,2.3,040 km N 63° E of Hinatuan (Surigao Del Sur)
31 July 2020 - 12:51 PM,6.6,124.93,36,2.2,014 km N 42° E of Koronadal City (South Cotabato)
31 July 2020 - 12:20 PM,8.93,123.15,20,2.4,046 km N 09° E of Manukan (Zamboanga Del Norte)
31 July 2020 - 12:13 PM,9.79,122.51,30,2.1,011 km N 75° E of Sipalay City (Negros Occidental)
31 July 2020 - 11:36 AM,13.58,120.37,33,2.1,021 km S 40° E of Looc (Occidental Mindoro)
31 July 2020 - 11:34 AM,9.29,126.96,5,2.3,083 km N 65° E of Bayabas (Surigao Del Sur)
31 July 2020 - 10:11 AM,8.92,126.28,34,2,003 km N 89° W of Cagwait (Surigao Del Sur)
31 July 2020 - 08:13 AM,16.85,121.12,1,2.6,004 km N 50° E of Lagawe (Ifugao)
31 July 2020 - 06:24 AM,14,120.47,63,2,019 km S 60° W of Nasugbu (Batangas)
31 July 2020 - 06:00 AM,15.51,122.58,33,2.2,097 km S 29° E of Casiguran (Aurora)
31 July 2020 - 05:58 AM,5.96,126.24,104,3.5,070 km N 84° E of Jose Abad Santos (Davao Occidental)
31 July 2020 - 05:45 AM,10.27,125.44,48,2.3,013 km N 50° W of Libjo (Albor) (Dinagat Islands)
31 July 2020 - 05:36 AM,6.34,126.9,34,3,093 km S 33° E of Tarragona (Davao Oriental)
31 July 2020 - 05:35 AM,7.18,126.89,20,2.2,039 km S 85° E of Manay (Davao Oriental)
31 July 2020 - 04:38 AM,8.74,126.77,7,2.7,052 km S 83° E of Marihatag (Surigao Del Sur)
31 July 2020 - 04:15 AM,9.93,124.31,34,2,006 km N 49° E of Dagohoy (Bohol)
31 July 2020 - 02:42 AM,7.95,127.17,18,2.7,079 km N 58° E of Baganga (Davao Oriental)
31 July 2020 - 01:58 AM,9.92,125.95,99,3,018 km S 51° W of Burgos (Surigao Del Norte)
31 July 2020 - 01:28 AM,3.86,126.5,13,3.8,208 km S 33° E of Sarangani (Davao Occidental)
31 July 2020 - 01:23 AM,18.75,120.89,12,3.2,022 km N 28° E of Pagudpud (Ilocos Norte)
31 July 2020 - 12:47 AM,3.2,126.9,50,4.2,294 km S 33° E of Sarangani (Davao Occidental)
31 July 2020 - 12:27 AM,6.43,125.82,166,3.9,024 km N 87° E of Malita (Davao Occidental)
30 July 2020 - 11:29 PM,9.21,126.45,26,2.2,030 km S 75° E of Cortes (Surigao Del Sur)
30 July 2020 - 10:55 PM,9.1,125.92,16,2.4,018 km S 35° W of Carmen (Surigao Del Sur)
30 July 2020 - 10:38 PM,13.92,120.4,61,2.3,027 km N 69° W of Calatagan (Batangas)
30 July 2020 - 10:23 PM,14.14,120.39,113,2.4,026 km N 75° W of Nasugbu (Batangas)
30 July 2020 - 09:59 PM,9.99,126.1,35,1.9,004 km S 51° E of Burgos (Surigao Del Norte)
30 July 2020 - 09:56 PM,6.11,125.71,132,2.4,010 km S 12° E of Don Marcelino (Davao Occidental)
30 July 2020 - 09:53 PM,5.64,126.7,120,2.5,131 km S 32° E of Governor Generoso (Davao Oriental)
30 July 2020 - 09:45 PM,8.78,126.25,17,2.2,006 km S 66° W of Marihatag (Surigao Del Sur)
30 July 2020 - 06:12 PM,13.38,120.55,10,2.7,009 km S 68° E of Paluan (Occidental Mindoro)
30 July 2020 - 06:00 PM,13.63,120.34,50,2.4,014 km S 42° E of Looc (Occidental Mindoro)
30 July 2020 - 05:24 PM,10.01,125.8,12,2.3,017 km N 54° W of Cagdiano (Dinagat Islands)
30 July 2020 - 04:47 PM,17,121.41,33,2.5,005 km N 41° E of Aguinaldo (Ifugao)
30 July 2020 - 04:30 PM,7.2,126.63,8,3.2,010 km S 81° E of Manay (Davao Oriental)
30 July 2020 - 04:14 PM,10.26,125.18,3,3.3,002 km S 56° E of Cabalian (San Juan) (Southern Leyte)
30 July 2020 - 04:01 PM,8.92,126.15,23,2.7,013 km S 74° E of San Miguel (Surigao Del Sur)
30 July 2020 - 01:59 PM,10.04,126.07,19,2.5,002 km N 18° W of Burgos (Surigao Del Norte)
30 July 2020 - 01:56 PM,9.99,126.1,34,2,005 km S 41° E of Burgos (Surigao Del Norte)
30 July 2020 - 01:17 PM,8.52,122.44,38,4.8,051 km N 30° W of Liloy (Zamboanga Del Norte)
30 July 2020 - 12:39 PM,10.78,126.33,1,3.5,072 km S 67° E of Guiuan (Eastern Samar)
30 July 2020 - 12:09 PM,8.97,126.2,45,3.8,007 km S 32° W of Tago (Surigao Del Sur)
30 July 2020 - 11:58 AM,9.63,126.25,33,2.6,020 km S 30° E of General Luna (Surigao Del Norte)
30 July 2020 - 10:52 AM,6.57,126.88,1,2.5,071 km S 42° E of Tarragona (Davao Oriental)
30 July 2020 - 10:20 AM,17.7,120.29,20,2.2,014 km N 84° W of Magsingal (Ilocos Sur)
30 July 2020 - 09:23 AM,9.48,123.18,20,2.5,004 km S 28° E of Tanjay City (Negros Oriental)
30 July 2020 - 09:15 AM,5.97,126.75,26,3,106 km S 45° E of Governor Generoso (Davao Oriental)
30 July 2020 - 09:08 AM,10.15,124.17,9,3,001 km N 67° E of Jetafe (Bohol)
30 July 2020 - 08:21 AM,13.96,120.49,151,2.8,021 km N 48° W of Calatagan (Batangas)
30 July 2020 - 07:37 AM,6.45,125,34,2.1,012 km S 27° E of Lutayan (Sultan Kudarat)
30 July 2020 - 06:02 AM,9.77,124.69,1,2.2,013 km N 79° E of Anda (Bohol)
30 July 2020 - 05:06 AM,5.94,126.31,103,2.6,074 km S 67° E of Don Marcelino (Davao Occidental)
30 July 2020 - 04:09 AM,6.48,126.17,8,3,022 km S 29° E of Governor Generoso (Davao Oriental)
30 July 2020 - 03:38 AM,7.74,122.04,23,3.3,009 km N 70° W of Siocon (Zamboanga Del Norte)
30 July 2020 - 03:36 AM,9.98,126.11,24,2.4,006 km S 46° E of Burgos (Surigao Del Norte)
30 July 2020 - 03:16 AM,9.54,124.36,25,2.4,011 km S 41° E of Garcia Hernandez (Bohol)
30 July 2020 - 03:00 AM,12.8,125.84,27,4.5,078 km N 28° E of San Policarpo (Eastern Samar)
30 July 2020 - 02:23 AM,12.51,125.95,53,2.2,016 km S 30° E of San Policarpo (Eastern Samar)
30 July 2020 - 01:41 AM,8.36,126.85,16,2.4,057 km S 89° E of Hinatuan (Surigao Del Sur)
30 July 2020 - 01:27 AM,5.67,126.4,122,2.8,090 km S 75° E of Jose Abad Santos (Davao Occidental)
30 July 2020 - 12:54 AM,19.47,120.04,15,2.5,144 km N 38° W of Pagudpud (Ilocos Norte)
30 July 2020 - 12:53 AM,6.36,125.09,29,2.4,016 km N 80° E of Tupi (South Cotabato)
30 July 2020 - 12:34 AM,6.48,125.23,22,3.3,019 km S 06° E of Kiblawan (Davao Del Sur)
30 July 2020 - 12:08 AM,9.53,123.61,39,1.9,023 km S 30° E of Alcoy (Cebu)
30 July 2020 - 12:06 AM,15.37,121.93,1,2.4,058 km N 04° W of Burdeos (Quezon)
29 July 2020 - 09:00 PM,13.43,120.63,99,2.8,011 km S 79° W of Abra De Ilog (Occidental Mindoro)
29 July 2020 - 07:57 PM,9.84,122.28,10,2.2,017 km N 58° W of Sipalay City (Negros Occidental)
29 July 2020 - 06:21 PM,11.8,125.51,45,2.3,008 km N 50° E of San Julian (Eastern Samar)
29 July 2020 - 04:35 PM,13.44,120.27,13,2.5,032 km S 04° E of Looc (Occidental Mindoro)
29 July 2020 - 03:42 PM,13.37,120.24,11,2.2,039 km S 01° W of Looc (Occidental Mindoro)
29 July 2020 - 03:11 PM,12.43,124.6,75,2.3,009 km S 27° W of Catarman (Northern Samar)
29 July 2020 - 01:53 PM,9.06,125.68,1,2.2,010 km N 86° E of Remedios Romualdez (Agusan Del Norte)
29 July 2020 - 11:14 AM,13.49,121.06,24,2.3,011 km S 83° E of Puerto Galera (Oriental Mindoro)
29 July 2020 - 09:30 AM,14.03,120.05,39,2.6,021 km N 20° W of Lubang (Occidental Mindoro)
29 July 2020 - 08:39 AM,9.02,126.36,25,2.8,010 km N 58° E of Bayabas (Surigao Del Sur)
29 July 2020 - 06:09 AM,13.74,120.2,15,1.9,006 km N 72° W of Looc (Occidental Mindoro)
29 July 2020 - 04:39 AM,14.99,121.78,6,1.8,025 km N 51° W of Burdeos (Quezon)
29 July 2020 - 04:21 AM,13.8,120.49,75,2.3,016 km S 77° W of Calatagan (Batangas)
29 July 2020 - 03:22 AM,9.08,122.92,24,2.2,013 km N 82° W of Siaton (Negros Oriental)
29 July 2020 - 03:03 AM,14.91,118.95,35,2.2,118 km S 60° W of Palauig (Zambales)
29 July 2020 - 02:34 AM,11.37,125.43,29,4.1,017 km S 27° W of Maydolong (Eastern Samar)
29 July 2020 - 02:30 AM,8.51,125.76,6,2.1,007 km N 23° W of Talacogon (Agusan Del Sur)
29 July 2020 - 12:26 AM,13.93,120.38,56,1.8,029 km N 68° W of Calatagan (Batangas)
28 July 2020 - 10:43 PM,8.56,125.52,27,2.1,020 km S 49° W of Esperanza (Agusan Del Sur)
28 July 2020 - 09:35 PM,13.62,120.83,15,1.8,006 km S 42° W of Tingloy (Batangas)
28 July 2020 - 09:23 PM,8.98,126.36,26,2.4,008 km N 85° E of Bayabas (Surigao Del Sur)
28 July 2020 - 07:27 PM,5.53,126.34,114,3.9,089 km S 64° E of Jose Abad Santos (Davao Occidental)
28 July 2020 - 05:59 PM,17.55,120.2,29,2,017 km S 77° W of Santa Catalina (Ilocos Sur)
28 July 2020 - 05:39 PM,5.95,126.08,30,3.6,052 km N 82° E of Jose Abad Santos (Davao Occidental)
28 July 2020 - 05:35 PM,8.93,126.49,28,2.6,024 km S 80° E of Bayabas (Surigao Del Sur)
28 July 2020 - 05:31 PM,13.69,120.18,18,2,009 km S 63° W of Looc (Occidental Mindoro)
28 July 2020 - 05:28 PM,7.09,126.7,124,2.5,023 km S 52° E of Manay (Davao Oriental)
28 July 2020 - 04:28 PM,7.98,125.78,30,2.3,023 km N 13° W of Laak (San Vicente) (Davao De Oro)
28 July 2020 - 02:30 PM,10.24,126.06,15,3,025 km N 04° W of Burgos (Surigao Del Norte)
28 July 2020 - 10:02 AM,15.19,121.91,12,2,030 km N 24° E of Panukulan (Quezon)
28 July 2020 - 09:56 AM,4.42,126.45,98,3.5,156 km S 44° E of Sarangani (Davao Occidental)
28 July 2020 - 09:17 AM,10.12,125.2,22,2.1,019 km S 21° W of Anahawan (Southern Leyte)
28 July 2020 - 09:07 AM,15.75,121.92,1,2.2,039 km S 89° E of Baler (Aurora)
28 July 2020 - 08:03 AM,13.62,123.28,20,2.6,008 km N 09° E of Pili (Camarines Sur)
28 July 2020 - 07:50 AM,13.11,123.94,14,3.1,008 km S 81° E of Manito (Albay)
28 July 2020 - 06:16 AM,13.97,123.33,1,3.6,010 km S 71° E of Siruma (Camarines Sur)
28 July 2020 - 05:57 AM,21.61,122.42,33,3.2,108 km N 34° E of Itbayat (Batanes)
28 July 2020 - 04:53 AM,8.91,126.39,29,3.5,014 km S 61° E of Bayabas (Surigao Del Sur)
28 July 2020 - 04:45 AM,14.3,120.37,100,2.6,020 km S 37° W of Mariveles (Bataan)
28 July 2020 - 04:45 AM,8.89,126.44,29,3.6,019 km S 64° E of Bayabas (Surigao Del Sur)
28 July 2020 - 04:41 AM,8.93,126.5,26,3.5,024 km S 80° E of Bayabas (Surigao Del Sur)
28 July 2020 - 04:36 AM,6.14,126.96,29,3.1,112 km S 60° E of Governor Generoso (Davao Oriental)
28 July 2020 - 04:32 AM,9.02,126.24,72,1.6,008 km N 41° W of Bayabas (Surigao Del Sur)
28 July 2020 - 04:21 AM,6.63,125.15,13,2.8,008 km S 69° W of Kiblawan (Davao Del Sur)
28 July 2020 - 04:08 AM,13.64,120.6,82,2.2,022 km S 08° W of Calatagan (Batangas)
28 July 2020 - 04:05 AM,4.8,124.26,110,4.6,138 km S 17° W of Kiamba (Sarangani)
28 July 2020 - 03:43 AM,8.97,126.34,26,1.8,006 km N 87° E of Bayabas (Surigao Del Sur)
28 July 2020 - 02:53 AM,8.96,126.52,26,1.8,026 km S 88° E of Bayabas (Surigao Del Sur)
28 July 2020 - 02:24 AM,13.7,120.59,100,1.8,015 km S 19° W of Calatagan (Batangas)
28 July 2020 - 02:24 AM,8.91,126.45,15,2.1,020 km S 70° E of Bayabas (Surigao Del Sur)
28 July 2020 - 02:23 AM,8.85,126.53,20,1.7,031 km S 65° E of Bayabas (Surigao Del Sur)
28 July 2020 - 02:05 AM,8.93,126.44,25,2.1,018 km S 74° E of Bayabas (Surigao Del Sur)
28 July 2020 - 01:32 AM,8.89,126.57,45,5.8,021 km S 61° E of Bayabas (Surigao Del Sur)
28 July 2020 - 01:26 AM,6.78,127.24,24,2.8,091 km S 58° E of Manay (Davao Oriental)
28 July 2020 - 12:44 AM,12.59,125.42,5,2.5,022 km N 54° E of Mapanas (Northern Samar)
28 July 2020 - 12:36 AM,11.32,123.63,8,2.8,011 km N 79° W of Madridejos (Cebu)
28 July 2020 - 12:14 AM,5.8,126.35,120,2.6,082 km S 83° E of Jose Abad Santos (Davao Occidental)
27 July 2020 - 11:22 PM,10.18,125.94,25,2.1,023 km N 40° W of Burgos (Surigao Del Norte)
27 July 2020 - 11:17 PM,10.31,126.09,6,3.4,032 km N 03° E of Burgos (Surigao Del Norte)
27 July 2020 - 10:58 PM,5.13,126.06,81,3.3,073 km S 63° E of Sarangani (Davao Occidental)
27 July 2020 - 10:54 PM,9.66,122.84,32,1.8,036 km S 05° E of Kabankalan City (Negros Occidental)
27 July 2020 - 10:53 PM,9.93,124.33,30,2.1,012 km S 79° E of Danao (Bohol)
27 July 2020 - 09:46 PM,10.07,124.23,29,2,013 km S 87° E of Buenavista (Bohol)
27 July 2020 - 08:55 PM,9.36,126.38,42,1.9,022 km N 66° E of Cortes (Surigao Del Sur)
27 July 2020 - 08:40 PM,13.1,125.11,110,3.1,061 km N 01° W of Palapag (Northern Samar)
27 July 2020 - 08:39 PM,15.06,120.12,1,2,006 km S 85° E of San Felipe (Zambales)
27 July 2020 - 08:25 PM,18.26,120.79,12,2.7,010 km N 52° W of Carasi (Ilocos Norte)
27 July 2020 - 06:47 PM,12.41,126.38,40,2.6,098 km N 75° E of San Policarpo (Eastern Samar)
27 July 2020 - 05:41 PM,14.22,123.11,1,3,020 km N 53° E of Daet (Camarines Norte)
27 July 2020 - 05:15 PM,6.42,125.98,18,2.3,027 km S 23° W of Governor Generoso (Davao Oriental)
27 July 2020 - 01:02 PM,6.76,124.95,3,2.2,005 km S 04° E of Columbio (Sultan Kudarat)
27 July 2020 - 10:48 AM,17.23,120.38,55,1.9,008 km N 65° W of Candon City (Ilocos Sur)
27 July 2020 - 09:21 AM,14.99,119.94,32,2.1,016 km N 76° W of San Antonio (Zambales)
27 July 2020 - 07:21 AM,13.36,120.35,3,2.6,014 km S 63° W of Paluan (Occidental Mindoro)
27 July 2020 - 06:53 AM,13.56,120.27,14,2.5,018 km S 06° E of Looc (Occidental Mindoro)
27 July 2020 - 06:30 AM,13.38,120.2,15,3,029 km S 82° W of Paluan (Occidental Mindoro)
27 July 2020 - 06:14 AM,9.2,126.27,20,2.8,015 km N 34° E of Tandag City (Surigao Del Sur)
27 July 2020 - 05:54 AM,6.48,126.48,33,3.1,049 km S 67° E of Governor Generoso (Davao Oriental)
27 July 2020 - 05:29 AM,13.63,120.23,7,2.5,010 km S 11° W of Looc (Occidental Mindoro)
27 July 2020 - 05:06 AM,13.64,120.33,1,2.7,013 km S 40° E of Looc (Occidental Mindoro)
27 July 2020 - 05:03 AM,13.6,120.31,9,3.4,015 km S 26° E of Looc (Occidental Mindoro)
27 July 2020 - 04:55 AM,6.16,126.2,73,3.9,056 km S 14° E of Governor Generoso (Davao Oriental)
27 July 2020 - 04:46 AM,7.94,126.29,6,3,018 km S 51° W of Lingig (Surigao Del Sur)
27 July 2020 - 04:43 AM,13.61,120.23,9,3.1,013 km S 08° W of Looc (Occidental Mindoro)
27 July 2020 - 04:42 AM,13.55,120.31,3,2.5,023 km N 48° W of Paluan (Occidental Mindoro)
27 July 2020 - 04:39 AM,13.6,120.26,1,3.7,014 km S 03° E of Looc (Occidental Mindoro)
27 July 2020 - 04:29 AM,6.78,125,4,2.3,007 km S 65° E of Columbio (Sultan Kudarat)
27 July 2020 - 03:58 AM,13.35,120.22,13,2.9,028 km S 74° W of Paluan (Occidental Mindoro)
27 July 2020 - 03:57 AM,13.39,120.33,2,1.9,015 km S 81° W of Paluan (Occidental Mindoro)
27 July 2020 - 03:48 AM,13.93,120.43,85,2.8,024 km N 64° W of Calatagan (Batangas)
27 July 2020 - 03:45 AM,8.07,126.69,35,2.1,031 km N 83° E of Lingig (Surigao Del Sur)
27 July 2020 - 03:28 AM,6.66,124.66,33,2.3,008 km N 70° E of Isulan (Sultan Kudarat)
27 July 2020 - 03:26 AM,17.36,120.41,28,2.2,005 km N 41° W of San Esteban (Ilocos Sur)
27 July 2020 - 03:24 AM,16.34,122.3,18,2.5,011 km S 58° E of Dilasag (Aurora)
27 July 2020 - 03:21 AM,16.36,122.22,19,3,004 km S 12° E of Dilasag (Aurora)
27 July 2020 - 03:06 AM,16.26,120.29,80,2,011 km S 52° W of Agoo (La Union)
27 July 2020 - 02:35 AM,10.19,126.5,1,3.6,051 km N 68° E of Burgos (Surigao Del Norte)
27 July 2020 - 02:27 AM,6.45,126.65,29,3.1,067 km S 70° E of Governor Generoso (Davao Oriental)
27 July 2020 - 02:27 AM,8.96,122.66,5,2.4,043 km S 74° W of Siaton (Negros Oriental)
27 July 2020 - 02:01 AM,9.07,126.2,33,2.1,014 km N 38° W of Bayabas (Surigao Del Sur)
27 July 2020 - 01:43 AM,8.2,127.08,17,2.4,076 km N 76° E of Lingig (Surigao Del Sur)
27 July 2020 - 01:31 AM,7.63,125.74,27,2,010 km N 18° W of Asuncion (Saug) (Davao Del Norte)
27 July 2020 - 01:17 AM,13.91,120.6,87,2,010 km N 24° W of Calatagan (Batangas)
27 July 2020 - 01:10 AM,6.81,124.96,18,2.6,002 km N 81° E of Columbio (Sultan Kudarat)
27 July 2020 - 01:09 AM,5.56,126.55,22,2.2,109 km S 71° E of Jose Abad Santos (Davao Occidental)
27 July 2020 - 01:03 AM,8.4,124.39,21,3.8,011 km S 83° E of Manticao (Misamis Oriental)
27 July 2020 - 12:47 AM,12.61,125.43,10,3.6,024 km N 51° E of Mapanas (Northern Samar)
27 July 2020 - 12:42 AM,15.7,119.95,19,3.2,009 km S 30° E of Santa Cruz (Zambales)
27 July 2020 - 12:34 AM,8.92,123.99,10,2.7,045 km N 43° E of Plaridel (Misamis Occidental)
27 July 2020 - 12:18 AM,13.42,119.97,23,2.9,046 km S 42° W of Looc (Occidental Mindoro)
27 July 2020 - 12:04 AM,19.6,123.07,32,3,144 km S 55° E of Uyugan (Batanes)
26 July 2020 - 11:17 PM,9.63,126.67,8,2.4,059 km S 73° E of General Luna (Surigao Del Norte)
26 July 2020 - 10:52 PM,15.4,119.86,63,3.9,006 km S 56° W of Palauig (Zambales)
26 July 2020 - 10:27 PM,13.71,120.64,183,2.4,013 km S 05° E of Calatagan (Batangas)
26 July 2020 - 09:57 PM,13.78,120.54,112,2,012 km S 60° W of Calatagan (Batangas)
26 July 2020 - 09:17 PM,9.75,123.5,33,1.8,004 km N 13° W of Alcoy (Cebu)
26 July 2020 - 08:30 PM,7.2,126.61,21,3.3,008 km S 84° E of Manay (Davao Oriental)
26 July 2020 - 08:23 PM,14.28,121.29,33,1.9,009 km N 62° W of Pila (Laguna)
26 July 2020 - 07:48 PM,9.75,126.28,31,2.4,014 km S 74° E of General Luna (Surigao Del Norte)
26 July 2020 - 07:48 PM,9.59,123.61,33,2.3,017 km S 41° E of Alcoy (Cebu)
26 July 2020 - 06:47 PM,13.6,121.29,22,2.1,010 km S 58° E of Lobo (Batangas)
26 July 2020 - 06:08 PM,7.59,124.67,1,2.7,011 km S 54° W of Wao (Lanao Del Sur)
26 July 2020 - 05:36 PM,6.11,127.11,57,2.7,129 km S 62° E of Governor Generoso (Davao Oriental)
26 July 2020 - 03:23 PM,9.1,126.53,10,3.4,032 km N 51° E of Cagwait (Surigao Del Sur)
26 July 2020 - 12:52 PM,13.77,120.23,9,2.5,006 km N 18° W of Looc (Occidental Mindoro)
26 July 2020 - 12:10 PM,13.06,120.3,8,2.1,043 km S 25° W of Paluan (Occidental Mindoro)
26 July 2020 - 12:03 PM,14.12,120.42,85,2,039 km N 37° W of Calatagan (Batangas)
26 July 2020 - 11:12 AM,6.35,126.93,63,5.6,105 km S 24° E of Manay (Davao Oriental)
26 July 2020 - 10:48 AM,6.87,124.83,6,2.2,002 km N 08° W of Tulunan (Cotabato)
26 July 2020 - 10:32 AM,9.28,125.53,15,1.9,003 km N 73° W of Santiago (Agusan Del Norte)
26 July 2020 - 09:49 AM,9.35,123.24,42,2,005 km S 78° W of Sibulan (Negros Oriental)
26 July 2020 - 09:11 AM,12.84,124.66,28,2.3,037 km N 16° W of Mondragon (Northern Samar)
26 July 2020 - 09:10 AM,8.29,126.65,72,2.2,036 km S 76° E of Hinatuan (Surigao Del Sur)
26 July 2020 - 08:25 AM,9.3,126.17,38,2.1,004 km N 43° W of Cortes (Surigao Del Sur)
26 July 2020 - 07:32 AM,14.15,120.39,78,2.6,026 km N 74° W of Nasugbu (Batangas)
26 July 2020 - 06:35 AM,16.19,120.89,62,2.3,007 km N 60° W of Santa Fe (Nueva Vizcaya)
26 July 2020 - 05:59 AM,13.69,120.94,28,2.1,007 km S 03° E of Mabini (Batangas)
26 July 2020 - 05:36 AM,7.24,125.88,85,2.4,008 km S 18° E of Mabini (Doña Alicia) (Davao De Oro)
26 July 2020 - 05:06 AM,12.84,124.65,10,2.9,036 km N 60° E of Biri (Northern Samar)
26 July 2020 - 03:41 AM,14.02,120.52,118,2.3,014 km S 58° W of Nasugbu (Batangas)
26 July 2020 - 01:36 AM,5.83,126.25,104,3.3,071 km S 85° E of Jose Abad Santos (Davao Occidental)
26 July 2020 - 01:21 AM,14.84,122.55,11,2,024 km N 54° E of Jomalig (Quezon)
26 July 2020 - 01:16 AM,13.7,120.62,113,2.4,014 km S 08° W of Calatagan (Batangas)
26 July 2020 - 12:32 AM,16.31,122.32,8,3.1,015 km S 50° E of Dilasag (Aurora)
25 July 2020 - 11:55 PM,13.37,122.96,18,1.9,026 km N 05° W of San Pascual (Masbate)
25 July 2020 - 11:45 PM,12.23,121.12,31,2.3,015 km S 23° E of San Jose (Occidental Mindoro)
25 July 2020 - 11:44 PM,15.53,119.44,15,2.8,051 km N 78° W of Palauig (Zambales)
25 July 2020 - 08:52 PM,13.85,119.75,7,2.8,040 km S 89° W of Lubang (Occidental Mindoro)
25 July 2020 - 07:31 PM,8.82,126.33,26,2.5,005 km N 55° E of Marihatag (Surigao Del Sur)
25 July 2020 - 07:15 PM,13.85,120.57,78,2.2,007 km N 75° W of Calatagan (Batangas)
25 July 2020 - 03:13 PM,10.07,122.25,25,2,038 km N 28° W of Sipalay City (Negros Occidental)
25 July 2020 - 01:10 PM,4.22,126.49,14,3.6,175 km S 40° E of Sarangani (Davao Occidental)
25 July 2020 - 12:05 PM,16.26,119.7,18,3.1,019 km N 35° W of Agno (Pangasinan)
25 July 2020 - 11:03 AM,4.87,124.84,504,3.9,094 km S 48° W of Sarangani (Davao Occidental)
25 July 2020 - 10:14 AM,9.96,124.67,9,2,020 km N 58° E of Mabini (Bohol)
25 July 2020 - 07:11 AM,14.17,120.35,114,3,031 km N 71° W of Nasugbu (Batangas)
25 July 2020 - 06:49 AM,17.27,119.8,30,3,069 km S 88° W of Santiago (Ilocos Sur)
25 July 2020 - 03:35 AM,6.52,125.09,29,2.7,016 km S 76° E of Lutayan (Sultan Kudarat)
25 July 2020 - 03:03 AM,17.43,121.37,20,2.4,009 km S 85° W of Tabuk (Kalinga)
25 July 2020 - 01:41 AM,8.91,126.02,33,2.5,005 km S 20° W of San Miguel (Surigao Del Sur)
25 July 2020 - 01:27 AM,16.21,122.2,5,2,011 km S 48° E of Casiguran (Aurora)
25 July 2020 - 12:46 AM,8.79,125.74,17,2.6,008 km N 06° W of Bayugan City (Agusan Del Sur)
25 July 2020 - 12:44 AM,14.31,120.08,74,1.8,046 km S 47° W of Bagac (Bataan)
25 July 2020 - 12:44 AM,15.47,122.47,26,1.5,083 km N 19° E of Patnanungan (Quezon)
25 July 2020 - 12:36 AM,9.29,123.19,3,2.4,009 km N 88° W of Luzurriaga (Valencia) (Negros Oriental)
25 July 2020 - 12:19 AM,12.91,124.86,6,2.6,039 km N 10° W of Pambujan (Northern Samar)
25 July 2020 - 12:09 AM,16.22,122.31,7,2.4,020 km S 72° E of Casiguran (Aurora)
24 July 2020 - 11:43 PM,16.39,120.26,33,2.2,010 km S 87° W of Aringay (La Union)
24 July 2020 - 11:41 PM,12.74,125.67,58,2.7,054 km N 57° E of Mapanas (Northern Samar)
24 July 2020 - 11:27 PM,16.39,122.22,13,2.1,001 km N 82° E of Dilasag (Aurora)
24 July 2020 - 11:23 PM,6.77,125.07,5,2.6,014 km S 72° E of Columbio (Sultan Kudarat)
24 July 2020 - 11:04 PM,17.89,120.7,28,2.3,004 km S 20° E of Nueva Era (Ilocos Norte)
24 July 2020 - 10:50 PM,16.51,120.12,20,2.1,024 km S 60° W of San Fernando(Capital) (La Union)
24 July 2020 - 09:08 PM,15.33,122.3,2,2.8,063 km N 08° E of Patnanungan (Quezon)
24 July 2020 - 09:03 PM,15.68,121.67,31,2.1,014 km S 52° E of Baler (Aurora)
24 July 2020 - 08:46 PM,3.99,122.85,600,4.8,274 km S 23° E of Banguingui (Tongkil) (Sulu)
24 July 2020 - 08:26 PM,13.54,120.36,34,2.2,018 km N 40° W of Paluan (Occidental Mindoro)
24 July 2020 - 06:54 PM,7.3,125.89,21,2.9,014 km S 45° E of Tagum City (Davao Del Norte)
24 July 2020 - 02:54 PM,4.8,127.73,19,3.2,260 km S 74° E of Sarangani (Davao Occidental)
24 July 2020 - 01:08 PM,20.89,122.05,1,2.8,024 km N 65° E of Itbayat (Batanes)
24 July 2020 - 01:04 PM,17.86,120.35,19,3.2,012 km S 86° W of Sinait (Ilocos Sur)
24 July 2020 - 12:36 PM,8.65,126.82,11,2.6,060 km S 74° E of Marihatag (Surigao Del Sur)
24 July 2020 - 12:29 PM,6.46,125.9,28,2.6,029 km S 43° W of Governor Generoso (Davao Oriental)
24 July 2020 - 11:56 AM,8.3,127.42,26,3.8,115 km N 76° E of Lingig (Surigao Del Sur)
24 July 2020 - 11:53 AM,18.71,121.68,24,2.5,037 km N 28° E of Ballesteros (Cagayan)
24 July 2020 - 10:44 AM,6.67,124.75,28,3.1,018 km N 78° E of Isulan (Sultan Kudarat)
24 July 2020 - 10:04 AM,13.22,125.34,10,3.8,081 km N 26° E of Laoang (Northern Samar)
24 July 2020 - 09:48 AM,9.53,126.55,23,2.7,048 km N 55° E of Cortes (Surigao Del Sur)
24 July 2020 - 08:53 AM,11,124.74,1,3.6,010 km N 30° E of Albuera (Leyte)
24 July 2020 - 08:46 AM,9.88,122.25,79,2.2,022 km N 52° W of Sipalay City (Negros Occidental)
24 July 2020 - 06:39 AM,17.08,120.55,6,2.1,005 km N 49° W of Sigay (Ilocos Sur)
24 July 2020 - 06:38 AM,17.12,120.58,10,2.2,008 km North° 00 of Sigay (Ilocos Sur)
24 July 2020 - 05:28 AM,12.73,125.66,31,3.1,052 km N 57° E of Mapanas (Northern Samar)
24 July 2020 - 04:54 AM,8.75,125.83,33,1.7,022 km N 28° W of Prosperidad (Agusan Del Sur)
24 July 2020 - 04:13 AM,6.56,125.24,8,2,010 km S 14° E of Kiblawan (Davao Del Sur)
24 July 2020 - 03:57 AM,15.35,123.29,17,3.1,120 km N 55° E of Jomalig (Quezon)
24 July 2020 - 03:55 AM,7.16,126.46,3,4.3,010 km S 56° W of Manay (Davao Oriental)
24 July 2020 - 03:50 AM,12.7,125.52,6,2.2,038 km N 50° E of Mapanas (Northern Samar)
24 July 2020 - 03:49 AM,9.87,124.18,33,1.7,006 km N 14° W of Carmen (Bohol)
24 July 2020 - 03:41 AM,8.96,126.03,33,1.9,002 km N 11° W of San Miguel (Surigao Del Sur)
24 July 2020 - 03:16 AM,7.38,126.59,124,3,006 km N 24° E of Caraga (Davao Oriental)
24 July 2020 - 03:06 AM,12.73,125.74,54,4.1,060 km N 62° E of Mapanas (Northern Samar)
24 July 2020 - 02:24 AM,9.8,126.23,4,2.2,008 km N 77° E of General Luna (Surigao Del Norte)
24 July 2020 - 02:19 AM,7.09,123.71,16,2.4,052 km S 39° E of Tabina (Zamboanga Del Sur)
24 July 2020 - 01:37 AM,5.8,127.16,119,2.7,153 km S 52° E of Governor Generoso (Davao Oriental)
24 July 2020 - 01:08 AM,13.56,120.99,33,1.8,007 km N 32° E of Puerto Galera (Oriental Mindoro)
24 July 2020 - 12:06 AM,9.75,122.51,20,2.6,012 km S 84° E of Sipalay City (Negros Occidental)
23 July 2020 - 11:48 PM,18.31,121.33,18,1.8,005 km S 61° W of Luna (Apayao)
23 July 2020 - 11:05 PM,6.14,123.77,28,3.4,048 km S 79° W of Palimbang (Sultan Kudarat)
23 July 2020 - 10:42 PM,9.64,126.42,8,2.1,033 km S 61° E of General Luna (Surigao Del Norte)
23 July 2020 - 10:33 PM,8.9,126.34,27,2.2,004 km S 63° E of Cagwait (Surigao Del Sur)
23 July 2020 - 10:28 PM,9.94,126.46,2,2.3,037 km N 62° E of General Luna (Surigao Del Norte)
23 July 2020 - 10:17 PM,9.88,126.27,8,3.1,017 km N 49° E of General Luna (Surigao Del Norte)
23 July 2020 - 09:47 PM,5.63,126.28,31,3.4,078 km S 69° E of Jose Abad Santos (Davao Occidental)
23 July 2020 - 09:08 PM,14.03,120.43,82,1.9,031 km N 46° W of Calatagan (Batangas)
23 July 2020 - 09:07 PM,15.2,119.94,51,2.1,013 km N 69° W of Cabangan (Zambales)
23 July 2020 - 08:26 PM,10.44,125.08,1,3.1,013 km S 42° W of Silago (Southern Leyte)
23 July 2020 - 08:23 PM,13.62,120.65,146,2.4,023 km S 06° E of Calatagan (Batangas)
23 July 2020 - 05:41 PM,9.23,126.23,22,2.3,006 km S 38° E of Cortes (Surigao Del Sur)
23 July 2020 - 01:44 PM,2.6,126.92,31,3.7,352 km S 27° E of Sarangani (Davao Occidental)
23 July 2020 - 01:41 PM,15.21,122.2,24,2,047 km N 32° E of Burdeos (Quezon)
23 July 2020 - 01:03 PM,12.75,124.7,26,2.5,028 km N 15° E of Catarman (Northern Samar)
23 July 2020 - 12:48 PM,7.09,126.02,29,2.8,016 km S 60° E of Pantukan (Davao De Oro)
23 July 2020 - 12:41 PM,14.98,119.73,17,3.7,038 km S 77° W of San Felipe (Zambales)
23 July 2020 - 12:29 PM,14.27,124.3,0,2.3,029 km N 31° E of Pandan (Catanduanes)
23 July 2020 - 09:55 AM,15.14,121.71,4,1.7,024 km N 22° W of Panukulan (Quezon)
23 July 2020 - 09:35 AM,8.13,126.21,108,2.4,024 km N 66° W of Lingig (Surigao Del Sur)
23 July 2020 - 08:43 AM,16.4,122.35,33,2,015 km N 87° E of Dilasag (Aurora)
23 July 2020 - 07:41 AM,10.64,126.5,1,3.5,083 km N 34° E of Burgos (Surigao Del Norte)
23 July 2020 - 07:28 AM,8.29,125.3,12,3.1,028 km N 57° E of Malaybalay City (Bukidnon)
23 July 2020 - 07:23 AM,5.37,127.28,124,2.8,194 km S 43° E of Governor Generoso (Davao Oriental)
23 July 2020 - 06:57 AM,9.32,123.18,33,2.1,012 km S 71° W of Sibulan (Negros Oriental)
23 July 2020 - 03:16 AM,6.3,126.3,19,3.1,046 km S 32° E of Governor Generoso (Davao Oriental)
23 July 2020 - 02:58 AM,5.67,126.33,55,2.3,083 km S 74° E of Jose Abad Santos (Davao Occidental)
23 July 2020 - 01:45 AM,5.92,125.31,5,2.2,006 km S 26° E of Malapatan (Sarangani)
23 July 2020 - 01:42 AM,5.66,126.2,125,2.1,069 km S 69° E of Jose Abad Santos (Davao Occidental)
23 July 2020 - 01:34 AM,4.75,125.43,181,2.9,075 km S 03° W of Sarangani (Davao Occidental)
23 July 2020 - 01:04 AM,6.67,127.05,127,2.4,082 km S 43° E of Manay (Davao Oriental)
23 July 2020 - 12:20 AM,5.78,125.71,121,4.2,015 km S 45° E of Jose Abad Santos (Davao Occidental)
22 July 2020 - 11:26 PM,6.59,126.39,40,3,035 km S 79° E of Governor Generoso (Davao Oriental)
22 July 2020 - 11:23 PM,5.79,127,103,3.8,139 km S 47° E of Governor Generoso (Davao Oriental)
22 July 2020 - 10:36 PM,3.83,127.29,68,4.5,269 km S 49° E of Sarangani (Davao Occidental)
22 July 2020 - 10:20 PM,7.9,126.61,76,3.1,021 km N 56° E of Cateel (Davao Oriental)
22 July 2020 - 10:11 PM,17.78,120.23,29,3.5,023 km N 64° W of Magsingal (Ilocos Sur)
22 July 2020 - 09:55 PM,10.45,122.32,30,2.5,024 km S 25° E of Miagao (Iloilo)
22 July 2020 - 09:26 PM,13.96,118.96,25,3.1,126 km N 85° W of Lubang (Occidental Mindoro)
22 July 2020 - 06:42 PM,9.95,126.19,8,2.5,012 km N 81° E of San Isidro (Surigao Del Norte)
22 July 2020 - 11:06 AM,13.83,120.84,7,2.6,009 km S 73° W of San Luis (Batangas)
22 July 2020 - 10:22 AM,8.36,124.78,11,2.6,004 km N 63° E of Libona (Bukidnon)
22 July 2020 - 09:47 AM,14,120.43,85,1.7,023 km S 68° W of Nasugbu (Batangas)
22 July 2020 - 09:38 AM,9.33,126.27,33,2.3,010 km N 54° E of Cortes (Surigao Del Sur)
22 July 2020 - 09:24 AM,13.82,120.87,14,2.4,006 km S 57° W of San Luis (Batangas)
22 July 2020 - 07:20 AM,5.53,125.07,1,3.2,035 km S 22° W of Glan (Sarangani)
22 July 2020 - 05:33 AM,2.67,125.42,139,3.8,306 km S 01° W of Sarangani (Davao Occidental)
22 July 2020 - 04:49 AM,9.85,123.95,29,2.7,002 km S 11° E of San Isidro (Bohol)
22 July 2020 - 04:24 AM,12.53,124.33,35,1.6,001 km S 26° W of Lavezares (Northern Samar)
22 July 2020 - 03:48 AM,3.84,126.3,116,3.8,198 km S 28° E of Sarangani (Davao Occidental)
22 July 2020 - 03:46 AM,6.1,124.87,20,2.4,024 km S 38° E of Lake Sebu (South Cotabato)
22 July 2020 - 12:20 AM,11.78,125.39,36,1.8,008 km N 71° W of San Julian (Eastern Samar)
21 July 2020 - 11:57 PM,6.81,125.12,18,2.4,011 km N 76° W of Bansalan (Davao Del Sur)
21 July 2020 - 10:46 PM,12.47,125.2,20,2.8,006 km S 84° W of Mapanas (Northern Samar)
21 July 2020 - 10:44 PM,6.14,126.64,66,2.9,084 km S 48° E of Governor Generoso (Davao Oriental)
21 July 2020 - 08:41 PM,6.08,124.92,13,2.8,022 km S 43° W of Polomolok (South Cotabato)
21 July 2020 - 08:32 PM,16.81,120.48,77,2.8,005 km S 45° W of Sugpon (Ilocos Sur)
21 July 2020 - 07:56 PM,5.76,126.56,49,2.8,106 km S 83° E of Jose Abad Santos (Davao Occidental)
21 July 2020 - 07:51 PM,12.75,125.63,1,3.6,051 km N 54° E of Mapanas (Northern Samar)
21 July 2020 - 07:26 PM,12.34,125.56,16,3.1,018 km N 19° E of San Policarpo (Eastern Samar)
21 July 2020 - 06:26 PM,8.25,126.59,30,2.2,031 km S 65° E of Hinatuan (Surigao Del Sur)
21 July 2020 - 03:27 PM,2.77,126.94,1,4.2,336 km S 29° E of Sarangani (Davao Occidental)
21 July 2020 - 02:37 PM,10.58,122.62,16,2.8,010 km S 21° E of Jordan (Guimaras)
21 July 2020 - 01:14 PM,8.39,125.8,34,2.2,007 km S 17° E of Talacogon (Agusan Del Sur)
21 July 2020 - 12:29 PM,13.92,120.56,83,1.8,013 km N 42° W of Calatagan (Batangas)
21 July 2020 - 12:14 PM,7.91,126.29,92,2,010 km N 68° W of Boston (Davao Oriental)
21 July 2020 - 11:17 AM,12.87,123.43,23,2.7,019 km S 81° E of Claveria (Masbate)
21 July 2020 - 09:07 AM,10.03,126.09,27,1.9,002 km N 71° E of Burgos (Surigao Del Norte)
21 July 2020 - 08:52 AM,6.6,125.16,21,2.4,008 km S 44° W of Kiblawan (Davao Del Sur)
21 July 2020 - 07:48 AM,6.21,126.75,24,2.3,089 km S 57° E of Governor Generoso (Davao Oriental)
21 July 2020 - 06:37 AM,6.11,126.57,37,2.9,081 km S 43° E of Governor Generoso (Davao Oriental)
21 July 2020 - 05:01 AM,19.09,121.21,8,3.3,034 km S 52° W of Calayan (Cagayan)
21 July 2020 - 04:31 AM,8.86,122.6,33,2.5,053 km S 64° W of Siaton (Negros Oriental)
21 July 2020 - 04:25 AM,9.23,126.25,36,2.4,029 km N 07° W of Bayabas (Surigao Del Sur)
21 July 2020 - 04:25 AM,9.87,122.41,8,2.6,012 km N 01° E of Sipalay City (Negros Occidental)
21 July 2020 - 02:52 AM,15.42,121.93,3,1.6,055 km S 46° E of Baler (Aurora)
21 July 2020 - 02:26 AM,17.4,121.08,134,2.2,007 km N 81° W of Pasil (Kalinga)
21 July 2020 - 02:20 AM,13.19,120.99,1,2,029 km S 45° W of Calapan City (Oriental Mindoro)
21 July 2020 - 02:13 AM,7.99,125.97,29,2.8,010 km S 15° E of Veruela (Agusan Del Sur)
21 July 2020 - 01:43 AM,13.68,120.58,108,2.2,018 km S 19° W of Calatagan (Batangas)
21 July 2020 - 01:41 AM,19.78,122.19,22,2.3,070 km S 28° E of Sabtang (Batanes)
21 July 2020 - 01:29 AM,6.51,127.13,55,4.8,101 km S 40° E of Manay (Davao Oriental)
21 July 2020 - 12:16 AM,7.04,125.38,1,2.8,033 km N 74° E of Makilala (Cotabato)
21 July 2020 - 12:13 AM,8,126.9,39,2.7,060 km N 38° E of Baganga (Davao Oriental)
20 July 2020 - 11:52 PM,10.63,126.16,4,2.6,068 km N 08° E of Burgos (Surigao Del Norte)
20 July 2020 - 11:37 PM,13.94,120.04,3,2,013 km N 42° W of Lubang (Occidental Mindoro)
20 July 2020 - 11:31 PM,10.63,126.1,9,3.4,061 km S 42° E of Guiuan (Eastern Samar)
20 July 2020 - 11:03 PM,13.93,119.95,3,2.2,020 km N 66° W of Lubang (Occidental Mindoro)
20 July 2020 - 08:23 PM,6.44,125.72,142,4.1,012 km N 79° E of Malita (Davao Occidental)
20 July 2020 - 07:35 PM,10.74,123.05,24,1.8,011 km S 48° E of Silay City (Negros Occidental)
20 July 2020 - 04:50 PM,13.5,120.64,93,2,012 km N 60° W of Abra De Ilog (Occidental Mindoro)
20 July 2020 - 01:52 PM,5.35,126.36,87,2.7,099 km S 85° E of Sarangani (Davao Occidental)
20 July 2020 - 01:32 PM,6.09,126.19,6,3.9,064 km S 11° E of Governor Generoso (Davao Oriental)
20 July 2020 - 11:22 AM,9.31,126.23,32,2.7,006 km N 47° E of Cortes (Surigao Del Sur)
20 July 2020 - 09:57 AM,14,120.35,97,2,029 km N 56° E of Lubang (Occidental Mindoro)
20 July 2020 - 05:58 AM,20.27,122.05,65,3.5,015 km S 51° E of Uyugan (Batanes)
20 July 2020 - 04:39 AM,8.6,126.58,19,2.7,037 km N 47° E of Hinatuan (Surigao Del Sur)
20 July 2020 - 04:14 AM,7.6,126.57,63,3.1,003 km N 11° E of Baganga (Davao Oriental)
20 July 2020 - 03:23 AM,19.04,121.51,19,2.7,027 km S 10° E of Calayan (Cagayan)
20 July 2020 - 03:16 AM,4.9,128.02,124,4,288 km S 68° E of Jose Abad Santos (Davao Occidental)
20 July 2020 - 03:12 AM,9.82,126.48,13,3.8,036 km N 84° E of General Luna (Surigao Del Norte)
20 July 2020 - 02:15 AM,14.81,119.62,19,2.7,056 km S 60° W of San Felipe (Zambales)
20 July 2020 - 02:11 AM,15.89,119.97,22,2.1,015 km S 39° E of Dasol (Pangasinan)
20 July 2020 - 01:41 AM,7.59,126.27,39,2.2,019 km S 80° E of New Bataan (Davao De Oro)
20 July 2020 - 12:58 AM,10.05,124.3,19,2,008 km N 30° W of San Miguel (Bohol)
20 July 2020 - 12:50 AM,6.32,125.93,108,2.2,029 km N 63° E of Don Marcelino (Davao Occidental)
20 July 2020 - 12:27 AM,17.89,120.54,26,2.2,007 km S 13° E of Pinili (Ilocos Norte)
19 July 2020 - 10:41 PM,18.43,120.81,18,2.2,010 km S 04° E of Dumalneg (Ilocos Norte)
19 July 2020 - 09:57 PM,13.09,125.89,50,3.5,096 km N 45° E of Mapanas (Northern Samar)
19 July 2020 - 09:47 PM,11.49,126.74,25,3.5,120 km N 69° E of Mercedes (Eastern Samar)
19 July 2020 - 09:04 PM,5.86,127.55,143,3,185 km S 62° E of Governor Generoso (Davao Oriental)
19 July 2020 - 08:55 PM,4.98,126.59,15,3.9,133 km S 68° E of Sarangani (Davao Occidental)
19 July 2020 - 08:24 PM,13.82,120.87,14,2.4,006 km S 57° W of San Luis (Batangas)
19 July 2020 - 08:22 PM,14.59,119.8,32,2.1,051 km S 38° W of San Antonio (Zambales)
19 July 2020 - 08:19 PM,8.67,127.34,29,3.4,115 km S 83° E of Marihatag (Surigao Del Sur)
19 July 2020 - 08:03 PM,14.15,121.23,26,1.8,003 km S 08° E of Los Baños (Laguna)
19 July 2020 - 07:59 PM,4.39,124.92,484,3.7,132 km S 29° W of Sarangani (Davao Occidental)
19 July 2020 - 07:02 PM,13.32,120.43,32,2,012 km S 23° W of Paluan (Occidental Mindoro)
19 July 2020 - 07:01 PM,6.37,123.84,29,3.1,033 km S 46° W of Kalamansig (Sultan Kudarat)
19 July 2020 - 06:54 PM,8.65,126.38,48,2.8,032 km N 09° E of Hinatuan (Surigao Del Sur)
19 July 2020 - 06:37 PM,8.46,126.76,35,2.4,048 km N 77° E of Hinatuan (Surigao Del Sur)
19 July 2020 - 05:46 PM,10.73,126.45,8,4.2,086 km S 67° E of Guiuan (Eastern Samar)
19 July 2020 - 05:43 PM,9.82,124,11,2.9,008 km N 21° E of Balilihan (Bohol)
19 July 2020 - 05:00 PM,12.61,125.4,20,3.5,022 km N 46° E of Mapanas (Northern Samar)
19 July 2020 - 04:57 PM,12.76,125.57,1,3.3,047 km N 48° E of Mapanas (Northern Samar)
19 July 2020 - 04:57 PM,4.8,126.27,76,4.3,113 km S 52° E of Sarangani (Davao Occidental)
19 July 2020 - 03:47 PM,9.41,122.36,19,2.6,031 km S 90° W of Basay (Negros Oriental)
19 July 2020 - 03:42 PM,17.98,122.75,29,2.3,084 km S 51° E of Santa Ana (Cagayan)
19 July 2020 - 02:03 PM,5.4,126.96,14,2.7,159 km S 70° E of Jose Abad Santos (Davao Occidental)
19 July 2020 - 12:59 PM,9.68,122.41,19,3.7,009 km S 01° W of Sipalay City (Negros Occidental)
19 July 2020 - 12:25 PM,8.43,126.54,22,2.4,023 km N 74° E of Hinatuan (Surigao Del Sur)
19 July 2020 - 11:44 AM,14.49,122.04,25,2,028 km S 23° E of Polillo (Quezon)
19 July 2020 - 11:34 AM,10.86,122.65,63,2.8,007 km S 55° W of Barotac Nuevo (Iloilo)
19 July 2020 - 10:15 AM,12.61,125.34,14,2.5,018 km N 33° E of Mapanas (Northern Samar)
19 July 2020 - 09:26 AM,12.6,123.72,27,2.2,004 km N 20° W of San Jacinto (Masbate (Ticao Island))
19 July 2020 - 07:28 AM,3.59,127.02,46,4.1,267 km S 40° E of Sarangani (Davao Occidental)
19 July 2020 - 07:26 AM,9.68,125.8,25,2.2,014 km N 33° E of Claver (Surigao Del Norte)
19 July 2020 - 07:21 AM,9.34,125.9,142,2.9,006 km S 59° W of Carrascal (Surigao Del Sur)
19 July 2020 - 05:30 AM,3.62,126.94,29,3.2,259 km S 39° E of Sarangani (Davao Occidental)
19 July 2020 - 05:06 AM,12.8,124.75,23,2.4,033 km N 36° W of Pambujan (Northern Samar)
19 July 2020 - 04:40 AM,8.67,124.36,19,2.7,009 km N 35° W of Gitagum (Misamis Oriental)
19 July 2020 - 03:22 AM,9.33,126.8,1,3.2,067 km N 85° E of Cortes (Surigao Del Sur)
19 July 2020 - 03:08 AM,13.7,119.71,7,3,048 km S 69° W of Lubang (Occidental Mindoro)
19 July 2020 - 02:45 AM,6.72,125.14,6,3.2,011 km N 50° W of Kiblawan (Davao Del Sur)
19 July 2020 - 02:36 AM,12.94,125.81,9,4.3,077 km N 50° E of Mapanas (Northern Samar)
19 July 2020 - 02:30 AM,9.4,125.59,5,3.2,007 km S 17° E of Kitcharao (Agusan Del Norte)
19 July 2020 - 01:53 AM,6.31,123.83,32,3.5,039 km S 40° W of Kalamansig (Sultan Kudarat)
19 July 2020 - 01:23 AM,18.47,119.81,3,2.9,086 km N 55° W of Currimao (Ilocos Norte)
19 July 2020 - 12:32 AM,14.22,121.22,16,2.4,004 km N 13° W of Los Baños (Laguna)
19 July 2020 - 12:25 AM,9.15,125.98,33,2.7,010 km S 25° W of Carmen (Surigao Del Sur)
18 July 2020 - 11:38 PM,9.81,122,3,3.1,045 km N 83° W of Sipalay City (Negros Occidental)
18 July 2020 - 11:38 PM,17.69,120.7,53,2.1,002 km N 46° E of La Paz (Abra)
18 July 2020 - 11:01 PM,17.73,120.68,32,2,006 km N 01° E of La Paz (Abra)
18 July 2020 - 09:09 PM,7.49,126.11,6,2.9,014 km S 06° E of New Bataan (Davao De Oro)
18 July 2020 - 09:05 PM,9.33,126.32,14,2,015 km N 68° E of Cortes (Surigao Del Sur)
18 July 2020 - 09:03 PM,9.33,126.6,11,2.4,046 km N 82° E of Cortes (Surigao Del Sur)
18 July 2020 - 08:49 PM,9.91,126.01,19,2.3,014 km S 28° W of Burgos (Surigao Del Norte)
18 July 2020 - 08:43 PM,10.45,123.15,1,2.2,011 km N 49° W of Canlaon City (Negros Oriental)
18 July 2020 - 08:41 PM,19.09,121.31,1,2.8,027 km S 38° W of Calayan (Cagayan)
18 July 2020 - 07:45 PM,6.56,126.04,134,2.3,011 km S 19° W of Governor Generoso (Davao Oriental)
18 July 2020 - 07:08 PM,8.79,126.59,27,2.3,032 km S 88° E of Marihatag (Surigao Del Sur)
18 July 2020 - 07:02 PM,8.78,126.64,27,2.4,038 km S 86° E of Marihatag (Surigao Del Sur)
18 July 2020 - 06:07 PM,7.67,125.2,33,2.2,013 km S 56° E of Quezon (Bukidnon)
18 July 2020 - 04:44 PM,13.68,119.69,10,2.6,051 km S 67° W of Lubang (Occidental Mindoro)
18 July 2020 - 04:05 PM,5.77,126.72,16,3.4,121 km S 36° E of Governor Generoso (Davao Oriental)
18 July 2020 - 03:25 PM,9.99,121.97,1,2.8,049 km S 05° E of Anini-y (Antique)
18 July 2020 - 02:42 PM,13.62,119.81,10,3.8,043 km S 52° W of Lubang (Occidental Mindoro)
18 July 2020 - 01:35 PM,12.72,125.7,69,4,055 km N 61° E of Mapanas (Northern Samar)
18 July 2020 - 11:15 AM,13.83,119.79,1,2.7,036 km S 86° W of Lubang (Occidental Mindoro)
18 July 2020 - 10:45 AM,12.91,125.89,2,3.8,085 km N 55° E of Mapanas (Northern Samar)
18 July 2020 - 09:09 AM,7.7,124.45,6,3,019 km S 74° E of Butig (Lanao Del Sur)
18 July 2020 - 08:03 AM,13.64,120.67,107,2,021 km S 12° E of Calatagan (Batangas)
18 July 2020 - 07:10 AM,9.49,125.47,15,2.1,011 km N 71° W of Kitcharao (Agusan Del Norte)
18 July 2020 - 07:09 AM,16.4,122.25,12,2.6,004 km N 75° E of Dilasag (Aurora)
18 July 2020 - 06:44 AM,11.74,121.04,50,3.1,067 km S 11° W of Magsaysay (Occidental Mindoro)
18 July 2020 - 06:19 AM,9.1,126.75,6,2.2,054 km N 75° E of Bayabas (Surigao Del Sur)
18 July 2020 - 06:12 AM,4.02,124.91,96,4.4,168 km S 22° W of Sarangani (Davao Occidental)
18 July 2020 - 06:04 AM,6.19,126.78,33,2.5,093 km S 57° E of Governor Generoso (Davao Oriental)
18 July 2020 - 05:43 AM,13.38,122.17,11,2.2,011 km N 54° E of Torrijos (Marinduque)
18 July 2020 - 05:13 AM,11.88,122.18,27,3.2,007 km N 19° E of Ibajay (Aklan)
18 July 2020 - 04:57 AM,9.88,126.12,35,1.9,003 km N 41° E of Pilar (Surigao Del Norte)
18 July 2020 - 04:22 AM,6.68,127.12,26,3.2,085 km S 61° E of Tarragona (Davao Oriental)
18 July 2020 - 03:03 AM,11.57,124.4,2,3.1,001 km N 61° E of Naval (Biliran)
18 July 2020 - 02:22 AM,10.04,125.31,32,2.2,012 km N 33° E of Pintuyan (Southern Leyte)
18 July 2020 - 02:20 AM,11.31,125.46,18,2.6,012 km N 51° W of General Macarthur (Eastern Samar)
18 July 2020 - 02:03 AM,14.31,123.09,50,2.3,024 km N 53° E of Vinzons (Camarines Norte)
18 July 2020 - 01:01 AM,9.95,126.23,10,3.8,019 km S 67° E of Burgos (Surigao Del Norte)
18 July 2020 - 12:06 AM,9.84,125.47,26,2.1,006 km N 26° W of Surigao City (Surigao Del Norte)
17 July 2020 - 11:27 PM,11.48,125.02,35,2,013 km S 88° E of Santa Rita (Samar)
17 July 2020 - 11:22 PM,9.94,125.57,21,2,003 km S 30° W of Dinagat (Dinagat Islands)
17 July 2020 - 11:14 PM,13.94,122.95,1,2.9,014 km S 04° W of Basud (Camarines Norte)
17 July 2020 - 08:52 PM,5.47,126.59,63,3.6,142 km S 24° E of Governor Generoso (Davao Oriental)
17 July 2020 - 08:48 PM,10.12,126.17,15,2.1,016 km N 44° E of Burgos (Surigao Del Norte)
17 July 2020 - 08:18 PM,5.54,125.64,205,3.2,038 km S 04° E of Jose Abad Santos (Davao Occidental)
17 July 2020 - 07:36 PM,9,126.28,47,2.4,004 km N 12° W of Bayabas (Surigao Del Sur)
17 July 2020 - 06:54 PM,13.25,119.79,21,2.6,075 km S 76° W of Paluan (Occidental Mindoro)
17 July 2020 - 06:54 PM,7.21,126.87,17,3.6,036 km S 89° E of Manay (Davao Oriental)
17 July 2020 - 06:05 PM,6.73,125.06,9,2.9,016 km S 55° E of Columbio (Sultan Kudarat)
17 July 2020 - 03:22 PM,16.18,122.34,11,2.9,025 km S 65° E of Casiguran (Aurora)
17 July 2020 - 03:00 PM,15.17,121.44,24,2.4,027 km S 11° E of Dingalan (Aurora)
17 July 2020 - 02:56 PM,13.46,120.23,33,2.7,029 km S 04° W of Looc (Occidental Mindoro)
17 July 2020 - 02:52 PM,10.04,126.09,4,2.1,030 km N 14° W of General Luna (Surigao Del Norte)
17 July 2020 - 10:11 AM,17.69,121.19,33,1.6,023 km S 84° W of Conner (Apayao)
17 July 2020 - 09:55 AM,15.67,119.69,9,2.2,034 km N 42° W of Palauig (Zambales)
17 July 2020 - 07:34 AM,13.59,120.07,19,2.9,025 km S 53° W of Looc (Occidental Mindoro)
17 July 2020 - 07:17 AM,10.28,123.8,7,4.2,004 km N 20° E of Minglanilla (Cebu)
17 July 2020 - 06:26 AM,12.75,125.66,27,3.1,054 km N 56° E of Mapanas (Northern Samar)
17 July 2020 - 05:09 AM,10.01,123.26,2,2.8,003 km S 53° E of La Libertad (Negros Oriental)
17 July 2020 - 04:25 AM,15.67,119.17,15,2.8,083 km S 54° W of Agno (Pangasinan)
17 July 2020 - 04:10 AM,6.66,125.15,3,3.1,007 km N 87° W of Kiblawan (Davao Del Sur)
17 July 2020 - 03:02 AM,7.3,123.33,2,2.7,015 km S 01° E of Pitogo (Sugbay) (Zamboanga Del Sur)
17 July 2020 - 02:40 AM,5.89,126.54,99,3,099 km S 31° E of Governor Generoso (Davao Oriental)
17 July 2020 - 02:37 AM,5.8,126.5,3,2.8,099 km S 85° E of Jose Abad Santos (Davao Occidental)
17 July 2020 - 02:33 AM,15.67,118.98,49,3.2,101 km S 60° W of Agno (Pangasinan)
17 July 2020 - 02:29 AM,12.67,125.53,18,3.7,037 km N 54° E of Mapanas (Northern Samar)
17 July 2020 - 02:29 AM,14.14,120.44,114,2.5,021 km N 72° W of Nasugbu (Batangas)
17 July 2020 - 02:06 AM,14.08,119.59,3,2.8,061 km N 66° W of Lubang (Occidental Mindoro)
17 July 2020 - 01:22 AM,6.28,125.13,34,2.3,009 km N 54° E of Polomolok (South Cotabato)
17 July 2020 - 12:41 AM,10.65,122.57,19,2.3,003 km S 54° W of Jordan (Guimaras)
17 July 2020 - 12:33 AM,3.5,127.25,189,4.2,291 km S 43° E of Sarangani (Davao Occidental)
17 July 2020 - 12:24 AM,14.85,120.14,33,2.3,011 km S 38° W of Castillejos (Zambales)
17 July 2020 - 12:10 AM,16.52,119.99,30,2.9,018 km N 37° E of Bolinao (Pangasinan)
16 July 2020 - 11:57 PM,6.53,126.1,35,3.2,014 km S 13° E of Governor Generoso (Davao Oriental)
16 July 2020 - 11:49 PM,6.58,125.19,12,3.2,008 km S 20° W of Kiblawan (Davao Del Sur)
16 July 2020 - 11:39 PM,9.25,126.21,25,2.7,004 km S 28° E of Cortes (Surigao Del Sur)
16 July 2020 - 11:24 PM,18.23,120.74,25,2.5,008 km N 20° E of Piddig (Ilocos Norte)
16 July 2020 - 10:30 PM,8.06,126.64,32,2.2,025 km N 85° E of Lingig (Surigao Del Sur)
16 July 2020 - 10:14 PM,10.79,125.64,13,2.3,028 km S 18° W of Guiuan (Eastern Samar)
16 July 2020 - 10:06 PM,18.07,120.57,18,2.7,002 km N 24° E of Batac (Ilocos Norte)
16 July 2020 - 09:55 PM,5.52,126.64,23,2.9,139 km S 26° E of Governor Generoso (Davao Oriental)
16 July 2020 - 09:49 PM,12.65,125.59,1,2.8,041 km N 61° E of Mapanas (Northern Samar)
16 July 2020 - 09:43 PM,8.8,126.42,33,2.4,014 km S 89° E of Marihatag (Surigao Del Sur)
16 July 2020 - 09:20 PM,12.92,123.87,33,2.1,005 km S 13° W of Castilla (Sorsogon)
16 July 2020 - 08:57 PM,6.52,125.85,155,2.8,029 km N 65° E of Malita (Davao Occidental)
16 July 2020 - 08:04 PM,12.59,125.59,4,4.2,038 km N 71° E of Mapanas (Northern Samar)
16 July 2020 - 08:03 PM,7.96,126.41,17,2.2,009 km S 01° E of Lingig (Surigao Del Sur)
16 July 2020 - 07:35 PM,17.12,119.66,17,2.7,084 km S 84° W of Candon City (Ilocos Sur)
16 July 2020 - 05:15 PM,5.29,126.63,63,3.7,130 km S 83° E of Sarangani (Davao Occidental)
16 July 2020 - 05:11 PM,16.86,120.13,23,2.8,026 km N 88° W of Luna (La Union)
16 July 2020 - 04:09 PM,14.9,122.56,1,2.4,029 km N 43° E of Jomalig (Quezon)
16 July 2020 - 04:07 PM,19.97,120.41,15,3.5,148 km N 51° W of Calayan (Cagayan)
16 July 2020 - 01:57 PM,6.58,125.13,1,3.5,012 km S 47° W of Kiblawan (Davao Del Sur)
16 July 2020 - 01:49 PM,11.55,125.79,18,3.3,031 km N 36° E of Hernani (Eastern Samar)
16 July 2020 - 01:36 PM,10.66,122.64,52,2.7,009 km N 55° W of San Lorenzo (Guimaras)
16 July 2020 - 12:45 PM,19.1,121.26,15,3.7,029 km S 47° W of Calayan (Cagayan)
16 July 2020 - 12:42 PM,13.68,120.53,150,2.7,020 km S 33° W of Calatagan (Batangas)
16 July 2020 - 10:48 AM,10.34,126.13,33,2,036 km N 16° E of Santa Monica (Sapao) (Surigao Del Norte)
16 July 2020 - 10:23 AM,9.78,126.33,6,1.7,020 km S 89° E of General Luna (Surigao Del Norte)
16 July 2020 - 09:59 AM,5.74,125.27,15,3.5,014 km S 44° E of Glan (Sarangani)
16 July 2020 - 09:46 AM,16.67,120.14,40,2.1,020 km N 71° W of San Fernando(Capital) (La Union)
16 July 2020 - 08:49 AM,6.53,125.14,15,3,016 km S 31° W of Kiblawan (Davao Del Sur)
16 July 2020 - 08:41 AM,6.43,125,26,3.5,012 km S 68° E of Tampakan (South Cotabato)
16 July 2020 - 08:41 AM,6.53,124.98,9,2.5,022 km N 09° E of Tupi (South Cotabato)
16 July 2020 - 08:34 AM,6.68,125.27,1,4.3,007 km N 68° E of Kiblawan (Davao Del Sur)
16 July 2020 - 07:55 AM,4.49,124.18,36,3.3,173 km S 17° W of Kiamba (Sarangani)
16 July 2020 - 07:36 AM,14.79,121.85,34,1.8,013 km N 51° W of Polillo (Quezon)
16 July 2020 - 07:19 AM,10.62,125.54,75,2.3,029 km N 07° W of Loreto (Dinagat Islands)
16 July 2020 - 05:47 AM,6.34,126.23,33,2.8,038 km S 30° E of Governor Generoso (Davao Oriental)
16 July 2020 - 05:37 AM,17.23,120.67,93,2.5,009 km S 83° E of San Emilio (Ilocos Sur)
16 July 2020 - 05:20 AM,6,126.06,135,2.5,046 km S 61° E of Don Marcelino (Davao Occidental)
16 July 2020 - 04:25 AM,17.07,120.01,35,1.9,045 km N 59° W of Luna (La Union)
16 July 2020 - 03:26 AM,19.51,120.16,23,3,122 km N 25° W of Burgos (Ilocos Norte)
16 July 2020 - 02:48 AM,4.81,126.01,54,3.5,091 km S 40° E of Sarangani (Davao Occidental)
16 July 2020 - 02:46 AM,18.41,120.66,28,2.5,009 km N 28° E of Pasuquin (Ilocos Norte)
16 July 2020 - 02:43 AM,13.53,120.65,15,2.4,012 km N 43° W of Abra De Ilog (Occidental Mindoro)
16 July 2020 - 02:18 AM,9.48,126.16,10,1.9,022 km N 09° W of Cortes (Surigao Del Sur)
16 July 2020 - 01:36 AM,6.2,126.7,21,2.5,085 km S 54° E of Governor Generoso (Davao Oriental)
16 July 2020 - 01:29 AM,13.61,120.66,110,2,019 km N 22° W of Abra De Ilog (Occidental Mindoro)
16 July 2020 - 01:02 AM,16.35,122.2,13,1.9,011 km N 45° E of Casiguran (Aurora)
16 July 2020 - 12:34 AM,13.88,120.55,122,2.2,010 km N 59° W of Calatagan (Batangas)
15 July 2020 - 11:58 PM,9.23,126.47,22,1.9,030 km S 80° E of Cortes (Surigao Del Sur)
15 July 2020 - 11:31 PM,17.19,120.36,1,2.6,009 km S 87° W of Candon City (Ilocos Sur)
15 July 2020 - 11:13 PM,6.25,127.18,36,4.1,120 km S 43° E of Tarragona (Davao Oriental)
15 July 2020 - 10:32 PM,8.32,125.85,7,3,004 km N 81° E of La Paz (Agusan Del Sur)
15 July 2020 - 10:10 PM,18.91,120.84,33,2,037 km N 09° E of Pagudpud (Ilocos Norte)
15 July 2020 - 09:45 PM,13.6,120.3,14,2.3,015 km S 23° E of Looc (Occidental Mindoro)
15 July 2020 - 09:39 PM,7.04,125.73,38,2.5,013 km S 78° E of Davao City (Davao Del Sur)
15 July 2020 - 09:10 PM,9.65,125.38,28,2.6,005 km N 35° W of Malimono (Surigao Del Norte)
15 July 2020 - 08:10 PM,15.03,120.35,12,2.6,020 km N 56° E of Castillejos (Zambales)
15 July 2020 - 07:26 PM,10.18,125.27,27,2.2,010 km S 05° E of Anahawan (Southern Leyte)
15 July 2020 - 07:20 PM,9.37,126.53,35,2.1,039 km N 75° E of Cortes (Surigao Del Sur)
15 July 2020 - 07:19 PM,9.33,126.35,11,2.4,018 km N 72° E of Cortes (Surigao Del Sur)
15 July 2020 - 07:01 PM,16.01,119.84,30,2.6,005 km N 61° W of Dasol (Pangasinan)
15 July 2020 - 05:18 PM,13.63,123.29,21,2.5,009 km N 12° E of Pili (Camarines Sur)
15 July 2020 - 04:00 PM,13.4,120.75,1,3.2,005 km S 20° E of Abra De Ilog (Occidental Mindoro)
15 July 2020 - 02:26 PM,6.44,125.27,24,3.2,020 km N 06° E of Malungon (Sarangani)
15 July 2020 - 01:51 PM,14.69,120.37,120,2,006 km S 01° W of Morong (Bataan)
15 July 2020 - 01:48 PM,6.72,126.73,27,3.3,048 km S 41° E of Tarragona (Davao Oriental)
15 July 2020 - 12:36 PM,13.92,119.97,9,2.7,018 km N 68° W of Lubang (Occidental Mindoro)
15 July 2020 - 05:39 AM,10,126.36,25,2.8,032 km S 86° E of Burgos (Surigao Del Norte)
15 July 2020 - 04:34 AM,8.32,125.83,18,1.9,002 km N 66° E of La Paz (Agusan Del Sur)
15 July 2020 - 04:28 AM,16.47,122.25,3,2.4,009 km N 27° E of Dilasag (Aurora)
15 July 2020 - 04:26 AM,5.87,125.99,51,3.8,041 km S 88° E of Jose Abad Santos (Davao Occidental)
15 July 2020 - 03:27 AM,6.02,126.46,20,3.3,082 km S 31° E of Governor Generoso (Davao Oriental)
15 July 2020 - 03:22 AM,15.83,119.22,28,2.3,070 km S 63° W of Agno (Pangasinan)
15 July 2020 - 02:54 AM,9.8,125.7,29,2.2,022 km S 33° E of Dinagat (Dinagat Islands)
15 July 2020 - 02:47 AM,5.87,126.65,62,3.4,107 km S 37° E of Governor Generoso (Davao Oriental)
15 July 2020 - 01:54 AM,13.92,119.98,4,2.2,017 km N 65° W of Lubang (Occidental Mindoro)
15 July 2020 - 01:52 AM,13.8,119.88,19,2.6,026 km S 75° W of Lubang (Occidental Mindoro)
15 July 2020 - 01:50 AM,7.54,124.13,8,2.5,001 km N 56° E of Balabagan (Lanao Del Sur)
15 July 2020 - 01:21 AM,8.35,125.77,23,3.3,007 km N 47° W of La Paz (Agusan Del Sur)
15 July 2020 - 12:05 AM,16.18,120.88,10,3,007 km N 72° W of Santa Fe (Nueva Vizcaya)
14 July 2020 - 11:38 PM,14.23,120.39,107,2,030 km N 58° W of Nasugbu (Batangas)
14 July 2020 - 11:35 PM,9.29,126.32,26,2.6,015 km N 83° E of Cortes (Surigao Del Sur)
14 July 2020 - 11:27 PM,8.27,125.79,23,2.3,005 km S 27° W of La Paz (Agusan Del Sur)
14 July 2020 - 10:36 PM,8.85,125.59,24,1.9,008 km N 16° W of Las Nieves (Agusan Del Norte)
14 July 2020 - 10:31 PM,5.97,126.33,111,2.9,074 km S 70° E of Don Marcelino (Davao Occidental)
14 July 2020 - 09:39 PM,13.86,119.73,26,2.2,042 km N 90° W of Lubang (Occidental Mindoro)
14 July 2020 - 08:59 PM,9.25,126.29,27,4.6,011 km S 78° E of Cortes (Surigao Del Sur)
14 July 2020 - 07:26 PM,7.01,127.74,32,2.7,134 km S 75° E of Caraga (Davao Oriental)
14 July 2020 - 07:21 PM,13.83,119.89,14,2,025 km S 83° W of Lubang (Occidental Mindoro)
14 July 2020 - 06:37 PM,13.71,120.09,31,1.6,016 km S 14° W of Lubang (Occidental Mindoro)
14 July 2020 - 05:42 PM,17.94,120.68,5,2.6,002 km N 09° W of Nueva Era (Ilocos Norte)
14 July 2020 - 05:16 PM,8.76,126.46,31,2.1,019 km S 76° E of Marihatag (Surigao Del Sur)
14 July 2020 - 03:21 PM,5.93,126.5,15,3.1,092 km S 30° E of Governor Generoso (Davao Oriental)
14 July 2020 - 02:15 PM,13.84,119.89,8,4.7,026 km S 86° W of Lubang (Occidental Mindoro)
14 July 2020 - 01:26 PM,7.52,125.82,27,2,014 km N 11° E of Tagum City (Davao Del Norte)
14 July 2020 - 12:02 PM,6.46,126.37,121,2.5,039 km S 57° E of Governor Generoso (Davao Oriental)
14 July 2020 - 11:04 AM,18.28,122.06,9,2.8,007 km N 74° E of Gonzaga (Cagayan)
14 July 2020 - 08:56 AM,6.5,126.29,76,2.4,083 km S 19° W of Manay (Davao Oriental)
14 July 2020 - 08:55 AM,8.04,126.41,73,1.6,021 km S 27° E of Bislig City (Surigao Del Sur)
14 July 2020 - 08:35 AM,6.14,126.19,82,2.9,058 km S 13° E of Governor Generoso (Davao Oriental)
14 July 2020 - 07:33 AM,5.74,126.45,13,3.5,094 km S 80° E of Jose Abad Santos (Davao Occidental)
14 July 2020 - 06:16 AM,8.55,125.54,41,3.3,029 km N 68° W of Talacogon (Agusan Del Sur)
14 July 2020 - 05:55 AM,7.21,125.96,31,2.1,009 km N 50° E of Pantukan (Davao De Oro)
14 July 2020 - 05:14 AM,12.07,126.04,14,3.5,060 km S 78° E of San Policarpo (Eastern Samar)
14 July 2020 - 04:40 AM,10.72,122.66,16,3,013 km N 23° W of San Lorenzo (Guimaras)
14 July 2020 - 04:29 AM,8.87,125.99,17,2.4,011 km S 33° W of San Miguel (Surigao Del Sur)
14 July 2020 - 04:15 AM,5.21,125.25,41,3.1,035 km S 45° W of Sarangani (Davao Occidental)
14 July 2020 - 04:13 AM,13.78,119.73,6,3.6,043 km S 79° W of Lubang (Occidental Mindoro)
14 July 2020 - 04:12 AM,13.77,119.88,20,2.9,027 km S 71° W of Lubang (Occidental Mindoro)
14 July 2020 - 02:59 AM,9.96,126.41,8,3.7,034 km N 55° E of General Luna (Surigao Del Norte)
14 July 2020 - 02:31 AM,13.8,120.56,95,2.4,008 km S 65° W of Calatagan (Batangas)
14 July 2020 - 02:25 AM,10.78,122.94,6,2.3,005 km N 32° W of Talisay (Negros Occidental)
14 July 2020 - 02:07 AM,3.43,126,1,3.7,229 km S 15° E of Sarangani (Davao Occidental)
14 July 2020 - 01:30 AM,2.75,127.43,82,3.5,367 km S 36° E of Sarangani (Davao Occidental)
14 July 2020 - 01:15 AM,9.2,126.42,27,2.4,027 km S 71° E of Cortes (Surigao Del Sur)
14 July 2020 - 12:46 AM,3.31,127.65,58,4,337 km S 46° E of Sarangani (Davao Occidental)
13 July 2020 - 11:05 PM,8.95,123.07,16,3.7,014 km S 19° E of Siaton (Negros Oriental)
13 July 2020 - 11:01 PM,13.79,120.63,96,2.2,005 km S 01° W of Calatagan (Batangas)
13 July 2020 - 09:44 PM,16.08,122.06,6,1.8,013 km S 61° E of Dinalungan (Aurora)
13 July 2020 - 09:43 PM,16.07,122.07,5,1.7,014 km S 59° E of Dinalungan (Aurora)
13 July 2020 - 09:34 PM,5.46,127.26,66,3.4,185 km S 45° E of Governor Generoso (Davao Oriental)
13 July 2020 - 09:32 PM,5.67,126.63,62,3.1,114 km S 78° E of Jose Abad Santos (Davao Occidental)
13 July 2020 - 08:06 PM,6.62,125.19,10,3.6,004 km S 36° W of Kiblawan (Davao Del Sur)
13 July 2020 - 07:48 PM,4.97,125.92,28,3.3,107 km S 19° E of Jose Abad Santos (Davao Occidental)
13 July 2020 - 05:17 PM,8.66,126.63,32,3.1,046 km N 45° E of Hinatuan (Surigao Del Sur)
13 July 2020 - 02:17 PM,7.64,124.89,1,2.7,008 km N 29° W of Kadingilan (Bukidnon)
13 July 2020 - 02:15 PM,6.25,123.82,15,4,045 km S 36° W of Kalamansig (Sultan Kudarat)
13 July 2020 - 02:08 PM,13.92,119.83,20,2.4,032 km N 78° W of Lubang (Occidental Mindoro)
13 July 2020 - 01:44 PM,6.61,125.21,28,2,005 km S 08° W of Kiblawan (Davao Del Sur)
13 July 2020 - 08:41 AM,7.99,126.81,13,1.7,045 km N 61° E of Cateel (Davao Oriental)
13 July 2020 - 08:38 AM,7.22,126.14,45,1.5,028 km N 77° E of Pantukan (Davao De Oro)
13 July 2020 - 08:35 AM,13.87,120.5,97,2.5,015 km N 76° W of Calatagan (Batangas)
13 July 2020 - 07:03 AM,13.69,120.56,95,2.8,017 km S 25° W of Calatagan (Batangas)
13 July 2020 - 06:34 AM,7.31,126.52,22,2.4,011 km N 08° W of Manay (Davao Oriental)
13 July 2020 - 06:23 AM,10.59,126.06,20,2.9,058 km N 64° E of Loreto (Dinagat Islands)
13 July 2020 - 04:22 AM,19.15,121.09,6,3.4,042 km S 69° W of Calayan (Cagayan)
13 July 2020 - 04:13 AM,17.22,119.83,13,4.1,066 km N 87° W of Candon City (Ilocos Sur)
13 July 2020 - 03:51 AM,16.15,121.98,8,2.5,003 km N 57° E of Dinalungan (Aurora)
13 July 2020 - 03:32 AM,8.32,123.18,33,2.5,010 km N 61° E of Siayan (Zamboanga Del Norte)
13 July 2020 - 03:32 AM,3.6,126.8,4,3.6,251 km S 36° E of Sarangani (Davao Occidental)
13 July 2020 - 03:19 AM,13.56,123.24,7,2.8,009 km S 41° E of Naga City (Camarines Sur)
13 July 2020 - 03:10 AM,9.27,125.63,23,2.4,013 km N 49° E of Tubay (Agusan Del Norte)
13 July 2020 - 01:39 AM,19.71,121.45,8,3.3,047 km N 02° W of Calayan (Cagayan)
13 July 2020 - 01:27 AM,19.92,121.23,10,3.2,074 km N 19° W of Calayan (Cagayan)
13 July 2020 - 12:37 AM,19.13,122.17,34,2.1,076 km S 77° E of Calayan (Cagayan)
13 July 2020 - 12:37 AM,5.49,126.69,102,3,126 km S 70° E of Jose Abad Santos (Davao Occidental)
13 July 2020 - 12:31 AM,13.08,120.25,18,2.2,044 km S 32° W of Paluan (Occidental Mindoro)
12 July 2020 - 11:47 PM,13.52,120.57,34,1.9,016 km N 44° E of Paluan (Occidental Mindoro)
12 July 2020 - 11:33 PM,6.63,125.18,8,2.7,004 km S 51° W of Kiblawan (Davao Del Sur)
12 July 2020 - 09:49 PM,8.4,125.8,39,2.5,006 km S 14° E of Talacogon (Agusan Del Sur)
12 July 2020 - 09:14 PM,7.24,126.71,23,2.7,019 km N 82° E of Manay (Davao Oriental)
12 July 2020 - 07:52 PM,8.86,122.11,32,2.6,084 km S 44° W of Basay (Negros Oriental)
12 July 2020 - 07:37 PM,19.03,121.28,7,2.9,033 km S 35° W of Calayan (Cagayan)
12 July 2020 - 07:25 PM,14.01,120.5,107,2.2,025 km N 37° W of Calatagan (Batangas)
12 July 2020 - 07:23 PM,13.55,120.62,131,2.6,017 km N 48° W of Abra De Ilog (Occidental Mindoro)
12 July 2020 - 06:46 PM,19.09,121.2,34,2,035 km S 53° W of Calayan (Cagayan)
12 July 2020 - 05:29 PM,20.88,121.76,84,2.9,013 km N 43° W of Itbayat (Batanes)
12 July 2020 - 04:23 PM,7.92,126.93,16,2.2,055 km N 75° E of Cateel (Davao Oriental)
12 July 2020 - 02:45 PM,14.28,120.53,197,3.9,025 km N 24° W of Nasugbu (Batangas)
12 July 2020 - 12:20 PM,10.02,123.53,33,2.2,018 km N 58° E of Moalboal (Cebu)
12 July 2020 - 10:36 AM,7.98,127.14,6,2.1,079 km N 75° E of Cateel (Davao Oriental)
12 July 2020 - 08:02 AM,7.85,126.82,14,3,041 km N 43° E of Baganga (Davao Oriental)
12 July 2020 - 07:24 AM,13.77,120.5,99,3.3,016 km S 63° W of Calatagan (Batangas)
12 July 2020 - 07:04 AM,9.35,126.22,23,2.1,012 km N 64° W of Cortes (Surigao Del Sur)
12 July 2020 - 06:09 AM,9.2,126.16,23,2.4,009 km S 22° W of Cortes (Surigao Del Sur)
12 July 2020 - 04:35 AM,9.23,126.17,33,2,006 km S 22° W of Cortes (Surigao Del Sur)
12 July 2020 - 03:56 AM,9.09,126.43,23,2.2,024 km N 37° E of Cagwait (Surigao Del Sur)
12 July 2020 - 03:56 AM,8.97,122.29,10,3.2,062 km S 39° W of Basay (Negros Oriental)
12 July 2020 - 03:46 AM,5.37,126.81,9,3,144 km S 66° E of Jose Abad Santos (Davao Occidental)
12 July 2020 - 03:37 AM,8.94,122.8,1,2.6,029 km S 61° W of Siaton (Negros Oriental)
12 July 2020 - 03:35 AM,6.2,124.94,64,2.5,014 km S 78° W of Polomolok (South Cotabato)
12 July 2020 - 03:29 AM,9.64,126.44,20,2.7,035 km S 63° E of General Luna (Surigao Del Norte)
12 July 2020 - 03:11 AM,16.51,121.34,16,2,014 km S 39° E of Bagabag (Nueva Vizcaya)
12 July 2020 - 02:32 AM,5.19,126.18,18,3.4,083 km S 71° E of Sarangani (Davao Occidental)
12 July 2020 - 01:42 AM,13.7,120.61,108,2,015 km S 11° W of Calatagan (Batangas)
12 July 2020 - 12:17 AM,17.83,120.44,14,2.3,004 km S 19° W of Sinait (Ilocos Sur)
12 July 2020 - 12:06 AM,6.06,126.94,27,3.2,116 km S 55° E of Governor Generoso (Davao Oriental)
12 July 2020 - 12:05 AM,18.35,120.74,33,2.1,013 km N 85° E of Pasuquin (Ilocos Norte)
12 July 2020 - 12:02 AM,5.58,126.24,71,3.9,077 km S 64° E of Jose Abad Santos (Davao Occidental)
11 July 2020 - 11:37 PM,7.69,126.1,5,2.7,002 km N 37° E of Compostela (Davao De Oro)
11 July 2020 - 11:04 PM,10.32,125.26,1,2.4,004 km S 11° E of Hinundayan (Southern Leyte)
11 July 2020 - 10:50 PM,10.27,124.94,12,1.8,012 km S 72° W of Libagon (Southern Leyte)
11 July 2020 - 10:12 PM,10.68,122.48,12,2.1,002 km S 13° E of Oton (Iloilo)
11 July 2020 - 09:48 PM,6.45,126.08,33,2.4,022 km S 03° E of Governor Generoso (Davao Oriental)
11 July 2020 - 09:09 PM,15.08,122.39,20,1.9,040 km N 28° E of Patnanungan (Quezon)
11 July 2020 - 08:51 PM,4.48,126.65,1,4.1,168 km S 51° E of Sarangani (Davao Occidental)
11 July 2020 - 08:34 PM,11.26,125.83,8,2.8,022 km N 56° E of Salcedo (Eastern Samar)
11 July 2020 - 08:07 PM,12.61,124.05,16,3.7,007 km S 52° W of Santa Magdalena (Sorsogon)
11 July 2020 - 08:00 PM,7.72,127.31,31,2.5,084 km N 79° E of Baganga (Davao Oriental)
11 July 2020 - 07:22 PM,6.21,126.75,72,3.3,089 km S 57° E of Governor Generoso (Davao Oriental)
11 July 2020 - 07:11 PM,6.56,125.48,13,3.9,001 km N 25° E of Santa Maria (Davao Occidental)
11 July 2020 - 07:06 PM,13.46,120.27,31,2,022 km N 76° W of Paluan (Occidental Mindoro)
11 July 2020 - 07:05 PM,15.03,119.86,32,1.7,023 km S 81° W of San Felipe (Zambales)
11 July 2020 - 06:40 PM,13.52,123.63,41,4.5,009 km N 37° W of Tiwi (Albay)
11 July 2020 - 06:09 PM,7.97,122.36,33,2.2,015 km N 73° E of Gutalac (Zamboanga Del Norte)
11 July 2020 - 05:01 PM,12.75,125.83,15,4.5,070 km N 64° E of Mapanas (Northern Samar)
11 July 2020 - 04:52 PM,9.23,126.21,32,1.9,006 km S 22° E of Cortes (Surigao Del Sur)
11 July 2020 - 03:56 PM,6.43,124.1,4,3.2,017 km S 18° E of Kalamansig (Sultan Kudarat)
11 July 2020 - 03:37 PM,8.08,126.8,5,2.4,051 km N 51° E of Cateel (Davao Oriental)
11 July 2020 - 03:14 PM,13.47,123.6,8,2.6,008 km N 85° W of Tiwi (Albay)
11 July 2020 - 02:45 PM,13.64,123.78,21,3.5,023 km N 30° E of Tiwi (Albay)
11 July 2020 - 02:38 PM,13.43,123.66,22,2,004 km S 23° W of Tiwi (Albay)
11 July 2020 - 02:25 PM,7.93,127,17,2.5,062 km N 76° E of Cateel (Davao Oriental)
11 July 2020 - 01:53 PM,13.76,120.48,31,2.6,018 km S 64° W of Calatagan (Batangas)
11 July 2020 - 01:42 PM,10.86,125.62,5,2.6,023 km S 30° W of Guiuan (Eastern Samar)
11 July 2020 - 12:55 PM,7.88,127.12,20,2.8,071 km N 61° E of Baganga (Davao Oriental)
11 July 2020 - 12:36 PM,16.67,119.3,85,2.4,071 km N 64° W of Bolinao (Pangasinan)
11 July 2020 - 12:24 PM,13.83,120.5,81,2.2,014 km N 90° W of Calatagan (Batangas)
11 July 2020 - 10:46 AM,5.6,126.57,15,3.2,129 km S 25° E of Governor Generoso (Davao Oriental)
11 July 2020 - 09:58 AM,5.73,126.08,112,2.9,054 km S 72° E of Jose Abad Santos (Davao Occidental)
11 July 2020 - 09:53 AM,10.08,126.11,12,2.8,010 km N 53° E of Santa Monica (Sapao) (Surigao Del Norte)
11 July 2020 - 09:41 AM,7.93,126.92,15,1.9,054 km N 74° E of Cateel (Davao Oriental)
11 July 2020 - 09:30 AM,3.94,126.19,32,3.2,183 km S 26° E of Sarangani (Davao Occidental)
11 July 2020 - 09:04 AM,10.98,125.76,23,2.9,008 km S 36° E of Guiuan (Eastern Samar)
11 July 2020 - 07:48 AM,7.97,127.08,26,3.2,072 km N 52° E of Baganga (Davao Oriental)
11 July 2020 - 04:39 AM,19.32,121.28,7,3.1,020 km N 76° W of Calayan (Cagayan)
11 July 2020 - 04:37 AM,8.86,122.24,52,2.7,076 km S 36° W of Basay (Negros Oriental)
11 July 2020 - 03:44 AM,7.74,127.22,33,2.3,075 km N 76° E of Baganga (Davao Oriental)
11 July 2020 - 03:02 AM,7.94,126.84,15,2.6,046 km N 69° E of Cateel (Davao Oriental)
11 July 2020 - 02:59 AM,6.82,124.96,13,2.8,001 km S 80° W of Columbio (Sultan Kudarat)
11 July 2020 - 02:43 AM,15.16,120,65,2.2,006 km N 88° W of Cabangan (Zambales)
11 July 2020 - 02:39 AM,12.78,123.9,32,2.5,009 km S 50° E of Magallanes (Sorsogon)
11 July 2020 - 02:28 AM,6.61,125.14,12,2.6,010 km S 59° W of Kiblawan (Davao Del Sur)
11 July 2020 - 02:16 AM,6.64,125.28,18,4.8,008 km S 76° E of Kiblawan (Davao Del Sur)
11 July 2020 - 02:08 AM,13.84,120.53,80,2.3,012 km N 86° W of Calatagan (Batangas)
11 July 2020 - 01:36 AM,7.97,127.08,1,3.4,074 km S 84° E of Lingig (Surigao Del Sur)
11 July 2020 - 01:29 AM,18.9,121.57,1,2.4,044 km S 15° E of Calayan (Cagayan)
11 July 2020 - 01:27 AM,8.1,126.83,10,2.4,047 km N 82° E of Lingig (Surigao Del Sur)
11 July 2020 - 01:27 AM,15.09,119.81,14,2.4,027 km S 73° W of Cabangan (Zambales)
10 July 2020 - 11:22 PM,16.47,122.1,22,2.7,022 km N 07° W of Casiguran (Aurora)
10 July 2020 - 10:26 PM,5.72,126.37,18,2.4,086 km S 78° E of Jose Abad Santos (Davao Occidental)
10 July 2020 - 10:06 PM,7.75,126.48,22,2.2,006 km S 35° E of Cateel (Davao Oriental)
10 July 2020 - 09:59 PM,7.63,126.2,14,3.1,013 km S 68° E of Compostela (Davao De Oro)
10 July 2020 - 09:52 PM,18.94,121.7,25,2.8,046 km S 34° E of Calayan (Cagayan)
10 July 2020 - 09:44 PM,8.46,122.88,34,2.2,025 km S 75° W of Manukan (Zamboanga Del Norte)
10 July 2020 - 08:29 PM,18.91,122.02,1,3.3,072 km S 55° E of Calayan (Cagayan)
10 July 2020 - 07:25 PM,6.56,124.77,41,2.1,010 km N 57° W of Koronadal City (South Cotabato)
10 July 2020 - 07:06 PM,15.13,123,29,3.4,082 km N 56° E of Jomalig (Quezon)
10 July 2020 - 06:55 PM,18.02,119.75,3,2.6,076 km N 77° W of Sinait (Ilocos Sur)
10 July 2020 - 05:24 PM,7.96,126.92,17,2.5,054 km N 70° E of Cateel (Davao Oriental)
10 July 2020 - 05:08 PM,8.03,127.07,5,2.7,073 km N 69° E of Cateel (Davao Oriental)
10 July 2020 - 04:09 PM,6.98,126.11,28,2.7,011 km N 79° E of Banaybanay (Davao Oriental)
10 July 2020 - 02:31 PM,9.62,126.47,19,3.6,039 km S 62° E of General Luna (Surigao Del Norte)
10 July 2020 - 02:10 PM,8.36,125.91,16,2.4,012 km N 61° E of La Paz (Agusan Del Sur)
10 July 2020 - 01:54 PM,15.98,120.02,29,2.4,013 km S 40° W of Sual (Pangasinan)
10 July 2020 - 01:10 PM,6.57,126.8,169,2.7,076 km S 22° E of Manay (Davao Oriental)
10 July 2020 - 12:15 PM,15.85,119.76,39,1.8,016 km N 81° W of Infanta (Pangasinan)
10 July 2020 - 11:44 AM,5.46,126.48,87,2.5,107 km S 64° E of Jose Abad Santos (Davao Occidental)
10 July 2020 - 11:35 AM,12.02,124.04,21,3,013 km N 02° E of Pio V. Corpuz (Limbuhan) (Masbate)
10 July 2020 - 10:25 AM,12.01,124.06,16,2.9,012 km N 13° E of Pio V. Corpuz (Limbuhan) (Masbate)
10 July 2020 - 10:01 AM,12.25,123.89,70,2.8,008 km N 28° E of Dimasalang (Masbate)
10 July 2020 - 09:46 AM,11.94,124.08,1,3.3,007 km N 52° E of Pio V. Corpuz (Limbuhan) (Masbate)
10 July 2020 - 07:57 AM,9.71,124.47,6,3,012 km S 71° W of Anda (Bohol)
10 July 2020 - 07:20 AM,6.59,125.22,10,2.6,007 km S 04° E of Kiblawan (Davao Del Sur)
10 July 2020 - 06:48 AM,13.8,120.58,127,2.2,007 km S 59° W of Calatagan (Batangas)
10 July 2020 - 06:36 AM,15.5,119.67,15,2.3,026 km N 74° W of Palauig (Zambales)
10 July 2020 - 06:27 AM,15.2,119.66,29,2.6,037 km S 46° W of Palauig (Zambales)
10 July 2020 - 04:27 AM,15.59,119.81,33,2,020 km N 31° W of Palauig (Zambales)
10 July 2020 - 04:25 AM,14.71,119.93,44,2.1,036 km N 85° W of Morong (Bataan)
10 July 2020 - 03:16 AM,17.62,120.18,10,2.2,019 km N 76° W of Santa Catalina (Ilocos Sur)
10 July 2020 - 03:13 AM,17.8,119.86,15,3.4,058 km N 65° W of Santa Catalina (Ilocos Sur)
10 July 2020 - 02:57 AM,8.93,126.48,28,2.6,020 km N 87° E of Cagwait (Surigao Del Sur)
10 July 2020 - 02:54 AM,9.02,126.06,37,2.5,016 km S 63° W of Tandag City (Surigao Del Sur)
10 July 2020 - 02:51 AM,6.63,125.21,12,4.7,003 km S 12° W of Kiblawan (Davao Del Sur)
10 July 2020 - 02:51 AM,10.49,125.52,109,3.2,016 km N 25° W of Loreto (Dinagat Islands)
10 July 2020 - 02:27 AM,10.53,125.24,25,2.6,009 km N 88° E of Silago (Southern Leyte)
10 July 2020 - 01:25 AM,19.83,120.16,25,3.3,149 km N 66° W of Calayan (Cagayan)
10 July 2020 - 01:21 AM,6.66,126.97,49,2.8,077 km S 38° E of Manay (Davao Oriental)
10 July 2020 - 01:01 AM,8.84,126.13,25,2.3,016 km S 40° E of San Miguel (Surigao Del Sur)
10 July 2020 - 12:34 AM,9.73,126.24,17,3.1,011 km S 60° E of General Luna (Surigao Del Norte)
09 July 2020 - 11:52 PM,8.21,127.36,33,3.8,112 km N 52° E of Baganga (Davao Oriental)
09 July 2020 - 11:41 PM,8.59,121.93,21,3.3,081 km N 24° W of Gutalac (Zamboanga Del Norte)
09 July 2020 - 11:37 PM,14.21,120.11,61,1.7,039 km N 02° W of Lubang (Occidental Mindoro)
09 July 2020 - 11:13 PM,15.19,121.24,4,3.3,030 km N 32° E of Doña Remedios Trinidad (Bulacan)
09 July 2020 - 11:09 PM,10.36,122.38,20,3.1,026 km S 43° W of Nueva Valencia (Guimaras)
09 July 2020 - 11:08 PM,11.76,119.5,1,2.3,064 km S 45° W of Busuanga (Palawan)
09 July 2020 - 10:47 PM,14.74,121.72,35,1.7,011 km S 78° E of General Nakar (Quezon)
09 July 2020 - 09:55 PM,16.65,119.67,19,2.7,037 km N 39° W of Bolinao (Pangasinan)
09 July 2020 - 08:18 PM,9.29,123.19,7,2.4,008 km N 89° W of Luzurriaga (Valencia) (Negros Oriental)
09 July 2020 - 07:34 PM,13.08,120.66,33,2.1,007 km N 83° W of Santa Cruz (Occidental Mindoro)
09 July 2020 - 07:26 PM,14.88,122.81,33,3,051 km N 69° E of Jomalig (Quezon)
09 July 2020 - 06:37 PM,4.98,125.96,113,3.4,074 km S 47° E of Sarangani (Davao Occidental)
09 July 2020 - 01:36 PM,10.34,125.14,1,3.3,006 km N 01° W of Saint Bernard (Southern Leyte)
09 July 2020 - 12:57 PM,8.35,125.81,25,2.6,004 km N 05° W of La Paz (Agusan Del Sur)
09 July 2020 - 12:47 PM,20.58,121.91,15,3.3,024 km S 16° E of Itbayat (Batanes)
09 July 2020 - 12:21 PM,10.33,125.13,1,2.7,005 km N 11° W of Saint Bernard (Southern Leyte)
09 July 2020 - 11:58 AM,10.27,125.11,1,3.5,003 km S 79° W of Saint Bernard (Southern Leyte)
09 July 2020 - 11:08 AM,9.87,126.34,24,2.7,022 km N 65° E of General Luna (Surigao Del Norte)
09 July 2020 - 09:25 AM,20.03,121.93,45,3.1,035 km S 11° E of Sabtang (Batanes)
09 July 2020 - 09:15 AM,4.68,126.28,13,3.3,123 km S 47° E of Sarangani (Davao Occidental)
09 July 2020 - 08:55 AM,9.26,125.65,4,2,010 km S 86° E of Santiago (Agusan Del Norte)
09 July 2020 - 08:44 AM,7.2,126.75,30,2.7,024 km S 88° E of Manay (Davao Oriental)
09 July 2020 - 04:59 AM,7.93,126.38,13,3.5,017 km N 28° W of Cateel (Davao Oriental)
09 July 2020 - 04:12 AM,9.74,123.83,22,2.5,002 km S 73° W of Maribojoc (Bohol)
09 July 2020 - 03:53 AM,11.17,124.62,2,2.3,006 km S 81° E of Kananga (Leyte)
09 July 2020 - 03:42 AM,9.05,126.46,23,2.8,021 km N 65° E of Bayabas (Surigao Del Sur)
09 July 2020 - 03:14 AM,15.63,120.56,120,2.6,005 km N 63° W of Gerona (Tarlac)
09 July 2020 - 02:56 AM,16.46,120.45,31,2,005 km S 59° W of Sablan (Benguet)
09 July 2020 - 12:32 AM,5.65,126.48,33,4.3,119 km S 22° E of Governor Generoso (Davao Oriental)
09 July 2020 - 12:03 AM,8.04,123.05,21,2.7,020 km N 11° E of Bayog (Zamboanga Del Sur)
08 July 2020 - 10:47 PM,7.27,126.74,125,2.6,040 km N 53° E of Tarragona (Davao Oriental)
08 July 2020 - 10:42 PM,7.53,126.47,65,2.2,011 km S 65° W of Baganga (Davao Oriental)
08 July 2020 - 07:58 PM,5.81,127.26,104,3.3,161 km S 55° E of Governor Generoso (Davao Oriental)
08 July 2020 - 07:30 PM,14.6,119.71,31,1.8,056 km S 47° W of San Antonio (Zambales)
08 July 2020 - 07:29 PM,14.61,119.65,34,1.9,060 km S 52° W of San Antonio (Zambales)
08 July 2020 - 07:25 PM,9.76,126.28,22,2.4,013 km S 81° E of General Luna (Surigao Del Norte)
08 July 2020 - 04:50 PM,6.81,125.08,3,2.1,014 km N 79° W of Bansalan (Davao Del Sur)
08 July 2020 - 04:47 PM,13.96,120.49,103,1.6,020 km S 49° W of Nasugbu (Batangas)
08 July 2020 - 02:05 PM,18.89,121.72,55,2.2,051 km S 32° E of Calayan (Cagayan)
08 July 2020 - 12:30 PM,18.57,121.67,25,1.8,024 km N 08° E of Aparri (Cagayan)
08 July 2020 - 11:59 AM,16.01,121.72,48,1.9,027 km N 46° E of Dipaculao (Aurora)
08 July 2020 - 10:57 AM,6.18,126.06,141,2.2,040 km S 87° E of Don Marcelino (Davao Occidental)
08 July 2020 - 09:29 AM,6.04,126.11,15,3.2,067 km S 03° E of Governor Generoso (Davao Oriental)
08 July 2020 - 08:52 AM,8.17,126.53,36,2.4,019 km N 41° E of Lingig (Surigao Del Sur)
08 July 2020 - 08:28 AM,15.16,119.94,70,4.7,013 km N 88° W of Cabangan (Zambales)
08 July 2020 - 07:53 AM,13.52,120.43,31,2.6,012 km N 21° W of Paluan (Occidental Mindoro)
08 July 2020 - 05:42 AM,17.06,120.72,107,2.1,008 km N 13° W of Cervantes (Ilocos Sur)
08 July 2020 - 04:18 AM,15.89,119.92,18,2.2,007 km N 08° E of Infanta (Pangasinan)
08 July 2020 - 03:49 AM,10.09,124.35,25,1.6,011 km N 04° E of San Miguel (Bohol)
08 July 2020 - 03:29 AM,10.58,126.86,21,3,106 km N 54° E of Burgos (Surigao Del Norte)
08 July 2020 - 03:08 AM,8.71,122.78,12,2.8,041 km N 59° W of Manukan (Zamboanga Del Norte)
08 July 2020 - 01:46 AM,9.83,122.52,45,2.3,015 km N 60° E of Sipalay City (Negros Occidental)
08 July 2020 - 01:10 AM,18.18,121.13,22,2.5,018 km N 18° W of Kabugao (Apayao)
08 July 2020 - 12:35 AM,13.75,120.7,198,4.2,012 km S 38° E of Calatagan (Batangas)
07 July 2020 - 11:39 PM,18.91,121.6,1,2.8,044 km S 19° E of Calayan (Cagayan)
07 July 2020 - 11:34 PM,18.41,120.84,20,2,025 km N 71° E of Pasuquin (Ilocos Norte)
07 July 2020 - 08:01 PM,10.87,123.41,8,2.6,005 km S 17° W of Sagay City (Negros Occidental)
07 July 2020 - 07:32 PM,6.21,126.9,18,3.8,105 km S 28° E of Tarragona (Davao Oriental)
07 July 2020 - 07:15 PM,10.52,122.33,1,2.6,023 km S 89° W of Nueva Valencia (Guimaras)
07 July 2020 - 06:07 PM,6.43,127.16,95,3,111 km S 39° E of Manay (Davao Oriental)
07 July 2020 - 06:03 PM,16.89,120.4,84,2,005 km N 37° E of Luna (La Union)
07 July 2020 - 05:52 PM,11.91,125.34,21,4.1,008 km N 88° W of Taft (Eastern Samar)
07 July 2020 - 02:42 PM,8.72,126.84,4,2.1,060 km S 82° E of Marihatag (Surigao Del Sur)
07 July 2020 - 02:36 PM,16.39,119.71,20,3.6,019 km N 89° W of Bolinao (Pangasinan)
07 July 2020 - 02:06 PM,8.86,126.64,24,2.2,038 km S 81° E of Cagwait (Surigao Del Sur)
07 July 2020 - 01:20 PM,7.73,126.94,12,2.6,045 km N 67° E of Baganga (Davao Oriental)
07 July 2020 - 09:36 AM,7.87,126.53,29,2.8,012 km N 46° E of Cateel (Davao Oriental)
07 July 2020 - 09:01 AM,10.06,126.38,1,3.4,033 km N 83° E of Burgos (Surigao Del Norte)
07 July 2020 - 06:13 AM,10.12,126.4,4,2.8,037 km N 73° E of Burgos (Surigao Del Norte)
07 July 2020 - 04:29 AM,15.19,121.19,35,1.7,026 km N 21° E of DoÑa Remedios Trinidad (Bulacan)
06 July 2020 - 10:50 PM,6.51,126.03,145,3,017 km S 20° W of Governor Generoso (Davao Oriental)
06 July 2020 - 10:28 PM,9.36,126.12,32,3.3,012 km N 38° W of Cortes (Surigao Del Sur)
06 July 2020 - 10:05 PM,14.05,120.42,106,2.7,022 km S 83° W of Nasugbu (Batangas)
06 July 2020 - 10:04 PM,9.9,124.31,5,2,010 km S 20° W of San Miguel (Bohol)
06 July 2020 - 08:49 PM,9.48,126.37,29,2.5,040 km S 35° E of General Luna (Surigao Del Norte)
06 July 2020 - 06:22 PM,8.89,126.4,41,4.4,012 km S 71° E of Cagwait (Surigao Del Sur)
06 July 2020 - 02:30 PM,8.38,122.54,20,2.8,032 km N 26° W of Liloy (Zamboanga Del Norte)
06 July 2020 - 11:32 AM,5.93,125.33,93,3.2,007 km S 45° E of Malapatan (Sarangani)
06 July 2020 - 11:32 AM,9.05,123.14,59,3,009 km S 55° W of Zamboanguita (Negros Oriental)
06 July 2020 - 11:24 AM,7.34,127.14,146,3.2,063 km N 89° E of Caraga (Davao Oriental)
06 July 2020 - 09:16 AM,19.65,120.5,96,2.3,109 km N 68° W of Calayan (Cagayan)
06 July 2020 - 06:08 AM,16.94,120.27,27,1.8,015 km N 53° W of Luna (La Union)
06 July 2020 - 05:06 AM,7.95,124.61,1,2.6,025 km N 61° W of Pangantucan (Bukidnon)
06 July 2020 - 04:55 AM,9.05,125.78,27,2,022 km S 90° E of Remedios Romualdez (Agusan Del Norte)
06 July 2020 - 04:26 AM,21.08,122.71,89,2.4,095 km N 71° E of Itbayat (Batanes)
06 July 2020 - 03:20 AM,16.42,120.5,20,2.8,002 km N 50° E of Baguio City
06 July 2020 - 03:20 AM,12.82,124.48,27,1.5,020 km N 40° E of Biri (Northern Samar)
06 July 2020 - 03:15 AM,9.3,122.59,18,2.8,013 km S 26° W of Basay (Negros Oriental)
06 July 2020 - 03:03 AM,15.1,123.08,1,2.2,088 km N 61° E of Jomalig (Quezon)
06 July 2020 - 03:02 AM,17.92,120.58,23,1.9,008 km S 55° E of Pinili (Ilocos Norte)
06 July 2020 - 02:51 AM,12.45,124.55,18,2.2,011 km S 32° E of San Jose (Northern Samar)
06 July 2020 - 02:21 AM,18.96,120.8,27,2.3,043 km N 01° E of Pagudpud (Ilocos Norte)
06 July 2020 - 01:54 AM,12.93,125.27,14,2.3,050 km N 02° E of Mapanas (Northern Samar)
06 July 2020 - 01:46 AM,18.05,121.72,4,2.5,009 km S 85° E of Gattaran (Cagayan)
06 July 2020 - 12:12 AM,12.25,121.04,33,2.9,012 km S 12° W of San Jose (Occidental Mindoro)
05 July 2020 - 10:18 PM,12.49,124.3,40,1.6,002 km S 37° E of Allen (Northern Samar)
05 July 2020 - 10:15 PM,12.54,124.3,44,2,005 km N 27° E of Allen (Northern Samar)
05 July 2020 - 08:14 PM,12.49,124.47,33,2.4,005 km S 38° W of San Jose (Northern Samar)
05 July 2020 - 08:08 PM,7.29,126.69,104,3,018 km N 63° E of Manay (Davao Oriental)
05 July 2020 - 07:40 PM,13.44,124.31,28,2,018 km S 29° E of Virac (Catanduanes)
05 July 2020 - 07:20 PM,17.37,120.78,25,2,007 km S 62° W of Boliney (Abra)
05 July 2020 - 07:18 PM,6.2,125.03,33,2.5,005 km S 49° W of Polomolok (South Cotabato)
05 July 2020 - 07:15 PM,5.83,126.76,6,3.2,118 km S 40° E of Governor Generoso (Davao Oriental)
05 July 2020 - 06:57 PM,10.22,123.14,16,2.8,018 km N 52° W of Guihulngan (Negros Oriental)
05 July 2020 - 06:38 PM,9.71,126.23,31,1.6,011 km S 43° E of General Luna (Surigao Del Norte)
05 July 2020 - 05:56 PM,12.85,122.62,29,2.1,050 km S 52° W of San Pascual (Masbate)
05 July 2020 - 05:44 PM,8.05,126.76,27,2.1,038 km N 88° E of Lingig (Surigao Del Sur)
05 July 2020 - 05:32 PM,13.79,120.57,96,1.9,008 km S 52° W of Calatagan (Batangas)
05 July 2020 - 05:27 PM,5.85,126.75,113,3.2,115 km S 40° E of Governor Generoso (Davao Oriental)
05 July 2020 - 05:21 PM,9.47,126.3,18,2.1,024 km N 29° E of Cortes (Surigao Del Sur)
05 July 2020 - 03:49 PM,14.13,120.35,75,2.1,045 km N 43° W of Calatagan (Batangas)
05 July 2020 - 02:58 PM,13.06,125.31,13,4,063 km N 31° E of Laoang (Northern Samar)
05 July 2020 - 02:14 PM,14.69,120.02,42,2.1,029 km S 14° W of San Antonio (Zambales)
05 July 2020 - 01:57 PM,9.66,126.19,25,2,014 km S 13° E of General Luna (Surigao Del Norte)
05 July 2020 - 01:34 PM,2.74,128.22,180,4.6,453 km S 40° E of Jose Abad Santos (Davao Occidental)
05 July 2020 - 12:46 PM,12.67,123.59,34,2.3,024 km N 26° E of Baleno (Masbate)
05 July 2020 - 12:19 PM,10.07,126.07,19,2.2,009 km N 39° E of Santa Monica (Sapao) (Surigao Del Norte)
05 July 2020 - 11:39 AM,15.85,121.75,19,2.1,023 km N 63° E of Baler (Aurora)
05 July 2020 - 11:12 AM,6.33,123.75,3,3.4,044 km S 52° W of Kalamansig (Sultan Kudarat)
05 July 2020 - 11:05 AM,9.72,122.43,17,2.6,005 km S 23° E of Sipalay City (Negros Occidental)
05 July 2020 - 10:44 AM,8.32,125.74,40,2.5,008 km N 84° W of La Paz (Agusan Del Sur)
05 July 2020 - 10:32 AM,10.07,125.66,115,2.6,011 km N 60° E of San Jose (Dinagat Islands)
05 July 2020 - 10:05 AM,14.81,122.12,13,1.7,017 km S 77° E of Burdeos (Quezon)
05 July 2020 - 09:19 AM,13.64,120.46,30,2.5,024 km S 68° E of Looc (Occidental Mindoro)
05 July 2020 - 08:39 AM,12.76,124.82,27,2.6,025 km N 28° W of Pambujan (Northern Samar)
05 July 2020 - 07:39 AM,8.1,126.56,40,2.6,018 km N 68° E of Lingig (Surigao Del Sur)
05 July 2020 - 07:07 AM,13.58,120.68,142,2.1,016 km N 20° W of Abra De Ilog (Occidental Mindoro)
05 July 2020 - 05:50 AM,7.62,124.83,31,2.7,009 km S 75° E of Wao (Lanao Del Sur)
05 July 2020 - 05:48 AM,17.8,120.43,33,2.3,012 km N 04° E of Magsingal (Ilocos Sur)
05 July 2020 - 05:00 AM,9.23,125.64,12,2.6,010 km S 62° E of Santiago (Agusan Del Norte)
05 July 2020 - 04:24 AM,6.99,125.89,26,2.2,022 km S 61° E of Samal (Island Garden City Of Samal) (Davao Del Norte)
05 July 2020 - 04:21 AM,5.6,126.17,98,3.9,069 km S 63° E of Jose Abad Santos (Davao Occidental)
05 July 2020 - 04:14 AM,13.68,120.63,98,2.2,017 km S 01° E of Calatagan (Batangas)
05 July 2020 - 04:02 AM,17.65,120.71,23,2.3,000 km N 71° E of Dolores (Abra)
05 July 2020 - 03:40 AM,6.48,125.32,29,2.2,014 km S 11° W of Sulop (Davao Del Sur)
05 July 2020 - 03:28 AM,4.74,125.94,42,3.1,093 km S 34° E of Sarangani (Davao Occidental)
05 July 2020 - 03:25 AM,7.13,127.01,14,2.8,053 km S 81° E of Manay (Davao Oriental)
05 July 2020 - 03:01 AM,7.68,124.78,25,2.4,006 km N 38° E of Wao (Lanao Del Sur)
05 July 2020 - 02:57 AM,9.32,126.39,26,2.8,023 km N 79° E of Cortes (Surigao Del Sur)
05 July 2020 - 02:31 AM,7.67,126.04,34,2.1,004 km 00 °est of Compostela (Davao De Oro)
05 July 2020 - 02:11 AM,6.42,125.14,32,2,024 km N 66° E of Tupi (South Cotabato)
05 July 2020 - 01:16 AM,6.02,124.79,14,2.2,019 km N 81° E of Kiamba (Sarangani)
05 July 2020 - 01:01 AM,13.7,120.67,97,2.1,015 km S 15° E of Calatagan (Batangas)
05 July 2020 - 12:02 AM,18.31,120.76,28,2,015 km S 77° E of Pasuquin (Ilocos Norte)
04 July 2020 - 11:36 PM,5.97,124.56,9,3.3,007 km S 76° W of Kiamba (Sarangani)
04 July 2020 - 10:31 PM,17.68,120.55,22,2.2,011 km S 80° W of Danglas (Abra)
04 July 2020 - 10:08 PM,12.26,124.53,73,2.1,013 km S 67° W of Lope De Vega (Northern Samar)
04 July 2020 - 09:42 PM,5.59,126.79,24,3.1,134 km S 76° E of Jose Abad Santos (Davao Occidental)
04 July 2020 - 09:28 PM,6.74,126.46,10,2,036 km S 49° E of Mati City (Davao Oriental)
04 July 2020 - 09:20 PM,12.15,125.12,14,2.4,023 km S 26° E of Las Navas (Northern Samar)
04 July 2020 - 09:20 PM,18.34,121,1,3.1,016 km S 33° E of Adams (Ilocos Norte)
04 July 2020 - 08:40 PM,13.4,120.77,51,1.7,006 km S 40° E of Abra De Ilog (Occidental Mindoro)
04 July 2020 - 07:43 PM,17.96,120.37,47,2.3,012 km N 70° W of Badoc (Ilocos Norte)
04 July 2020 - 03:18 PM,13.4,120.71,8,2.4,006 km S 28° W of Abra De Ilog (Occidental Mindoro)
04 July 2020 - 03:03 PM,5.92,124.61,6,2.1,008 km S 07° W of Kiamba (Sarangani)
04 July 2020 - 12:55 PM,19.01,121.22,25,3,040 km S 40° W of Calayan (Cagayan)
04 July 2020 - 12:36 PM,14.13,123.82,21,2.2,038 km N 76° W of Pandan (Catanduanes)
04 July 2020 - 12:20 PM,12.43,120.79,1,2.6,020 km S 81° W of Rizal (Occidental Mindoro)
04 July 2020 - 11:55 AM,7.99,124.61,1,2.3,022 km N 13° W of Bumbaran (Lanao Del Sur)
04 July 2020 - 11:54 AM,10.2,125.94,20,2,023 km N 29° W of Santa Monica (Sapao) (Surigao Del Norte)
04 July 2020 - 08:21 AM,13.91,120.49,78,2.2,018 km N 60° W of Calatagan (Batangas)
04 July 2020 - 08:14 AM,10.09,125.98,28,1.4,010 km N 37° W of Santa Monica (Sapao) (Surigao Del Norte)
04 July 2020 - 05:52 AM,16.04,119.63,18,2.1,020 km S 65° W of Agno (Pangasinan)
04 July 2020 - 05:17 AM,9.25,121.23,32,4.3,142 km S 66° W of Sipalay City (Negros Occidental)
04 July 2020 - 05:09 AM,7.7,127.32,3,2.7,085 km N 81° E of Baganga (Davao Oriental)
04 July 2020 - 05:01 AM,7.25,126.24,1,2.4,015 km S 61° E of Maragusan (San Mariano) (Davao De Oro)
04 July 2020 - 04:55 AM,8.82,126.52,28,3.3,025 km N 85° E of Marihatag (Surigao Del Sur)
04 July 2020 - 04:25 AM,7.36,127.13,107,2,062 km N 87° E of Caraga (Davao Oriental)
04 July 2020 - 03:16 AM,9.7,126.2,20,1.8,010 km S 26° E of General Luna (Surigao Del Norte)
04 July 2020 - 02:32 AM,7.96,124.62,1,2.2,029 km N 31° W of Kalilangan (Bukidnon)
04 July 2020 - 02:30 AM,6.28,126.79,33,2.5,089 km S 63° E of Governor Generoso (Davao Oriental)
04 July 2020 - 02:23 AM,7.94,124.62,3,2.9,027 km N 34° W of Kalilangan (Bukidnon)
04 July 2020 - 02:14 AM,6.84,124.96,7,2.2,015 km S 86° E of Tulunan (Cotabato)
04 July 2020 - 01:50 AM,16.73,119.87,17,3.3,037 km N 03° W of Bolinao (Pangasinan)
04 July 2020 - 01:49 AM,10.01,125.93,23,2.4,012 km S 86° W of Santa Monica (Sapao) (Surigao Del Norte)
04 July 2020 - 01:47 AM,9.86,126.49,25,2,037 km N 77° E of General Luna (Surigao Del Norte)
04 July 2020 - 01:45 AM,8,124.64,4,3.8,031 km N 25° W of Kalilangan (Bukidnon)
04 July 2020 - 01:15 AM,7.94,124.62,1,2.3,027 km N 34° W of Kalilangan (Bukidnon)
04 July 2020 - 12:19 AM,10.31,125.91,16,2.3,035 km N 24° W of Santa Monica (Sapao) (Surigao Del Norte)
04 July 2020 - 12:05 AM,13.31,120.32,43,2.3,019 km S 54° W of Paluan (Occidental Mindoro)
04 July 2020 - 12:01 AM,9.02,126.91,2,3.1,072 km N 70° E of Marihatag (Surigao Del Sur)
03 July 2020 - 11:52 PM,7.94,124.61,1,2.6,027 km N 36° W of Kalilangan (Bukidnon)
03 July 2020 - 11:42 PM,10.07,125.97,30,2.5,009 km N 52° W of Santa Monica (Sapao) (Surigao Del Norte)
03 July 2020 - 11:40 PM,9.97,126.11,32,2,004 km N 33° E of San Isidro (Surigao Del Norte)
03 July 2020 - 11:34 PM,10.21,125.84,13,2.3,030 km N 47° W of Santa Monica (Sapao) (Surigao Del Norte)
03 July 2020 - 11:00 PM,7.91,124.62,1,2.6,024 km N 39° W of Kalilangan (Bukidnon)
03 July 2020 - 10:57 PM,5.81,126.27,155,3.1,073 km S 83° E of Jose Abad Santos (Davao Occidental)
03 July 2020 - 10:42 PM,7.88,124.61,5,3.7,022 km N 46° W of Kalilangan (Bukidnon)
03 July 2020 - 10:37 PM,7.93,124.6,1,2.6,028 km N 39° W of Kalilangan (Bukidnon)
03 July 2020 - 10:35 PM,7.91,124.63,2,2.7,023 km N 37° W of Kalilangan (Bukidnon)
03 July 2020 - 10:23 PM,7.97,124.62,5,3.4,029 km N 30° W of Kalilangan (Bukidnon)
03 July 2020 - 10:03 PM,13.66,120.59,101,1.6,019 km S 16° W of Calatagan (Batangas)
03 July 2020 - 09:49 PM,5.71,126.82,6,3.4,151 km S 37° E of Governor Generoso (Davao Oriental)
03 July 2020 - 09:41 PM,8.69,122.7,18,2.7,044 km N 55° W of Jose Dalman (Ponot) (Zamboanga Del Norte)
03 July 2020 - 09:40 PM,14.6,123.14,85,2,051 km N 47° E of Paracale (Camarines Norte)
03 July 2020 - 09:27 PM,14.86,118.56,112,2.1,158 km S 66° W of Palauig (Zambales)
03 July 2020 - 09:19 PM,7.62,124.32,1,2.3,013 km N 34° E of Matanog (Maguindanao)
03 July 2020 - 09:13 PM,8.69,122.62,24,2.6,051 km N 61° W of Jose Dalman (Ponot) (Zamboanga Del Norte)
03 July 2020 - 09:02 PM,9.29,126.16,33,2.2,005 km N 63° W of Cortes (Surigao Del Sur)
03 July 2020 - 07:47 PM,8.67,126.53,18,2,029 km S 61° E of Marihatag (Surigao Del Sur)
03 July 2020 - 07:11 PM,13.11,120.34,6,2.6,036 km S 22° W of Paluan (Occidental Mindoro)
03 July 2020 - 06:30 PM,5.01,126.55,14,3.1,142 km S 47° E of Jose Abad Santos (Davao Occidental)
03 July 2020 - 05:10 PM,8.44,126.73,14,3.2,044 km N 80° E of Hinatuan (Surigao Del Sur)
03 July 2020 - 04:15 PM,7.1,126.95,14,2.7,047 km S 75° E of Manay (Davao Oriental)
03 July 2020 - 02:57 PM,6.55,125.08,30,2.2,014 km N 90° E of Lutayan (Sultan Kudarat)
03 July 2020 - 02:26 PM,14.81,120.02,33,2.5,017 km S 26° W of San Antonio (Zambales)
03 July 2020 - 01:38 PM,13.56,120.56,101,2.2,022 km N 57° W of Abra De Ilog (Occidental Mindoro)
03 July 2020 - 10:32 AM,4.38,127.06,3,3.9,211 km S 56° E of Sarangani (Davao Occidental)
03 July 2020 - 10:24 AM,9.8,125.49,33,2.3,001 km N 05° W of Surigao City (Surigao Del Norte)
03 July 2020 - 07:38 AM,9.36,126.1,23,2.1,014 km N 48° W of Cortes (Surigao Del Sur)
03 July 2020 - 07:36 AM,16.72,120.17,34,2,020 km N 54° W of San Fernando(Capital) (La Union)
03 July 2020 - 07:31 AM,15.73,119.4,17,2.8,060 km S 45° W of Agno (Pangasinan)
03 July 2020 - 07:25 AM,15.68,119.17,20,3.3,082 km S 54° W of Agno (Pangasinan)
03 July 2020 - 07:18 AM,15.62,119.28,18,2.9,078 km S 45° W of Agno (Pangasinan)
03 July 2020 - 07:09 AM,12.04,125.46,44,2.9,003 km 00 °est of Dolores (Eastern Samar)
03 July 2020 - 07:05 AM,8.98,125.74,32,2,019 km S 64° E of Remedios Romualdez (Agusan Del Norte)
03 July 2020 - 06:27 AM,8.76,126.19,20,1.7,013 km S 68° W of Marihatag (Surigao Del Sur)
03 July 2020 - 06:22 AM,13.98,120.54,91,2.1,020 km N 33° W of Calatagan (Batangas)
03 July 2020 - 06:00 AM,15.67,119.26,15,2.8,076 km S 49° W of Agno (Pangasinan)
03 July 2020 - 05:57 AM,7.8,127.21,19,2.9,075 km N 71° E of Baganga (Davao Oriental)
03 July 2020 - 05:36 AM,8.89,125.75,40,2.3,020 km N 01° E of Bayugan City (Agusan Del Sur)
03 July 2020 - 04:59 AM,9.86,122.38,33,1.7,011 km N 18° W of Sipalay City (Negros Occidental)
03 July 2020 - 04:57 AM,10.09,125.34,21,3,019 km N 33° E of Pintuyan (Southern Leyte)
03 July 2020 - 04:52 AM,9.87,122.37,36,2,013 km N 20° W of Sipalay City (Negros Occidental)
03 July 2020 - 04:32 AM,15.53,119.87,32,2,009 km S 84° W of Masinloc (Zambales)
03 July 2020 - 03:35 AM,6.87,124.97,10,2,016 km N 84° E of Tulunan (Cotabato)
03 July 2020 - 03:00 AM,4.92,126.47,36,4.8,142 km S 42° E of Jose Abad Santos (Davao Occidental)
03 July 2020 - 02:50 AM,9.26,126.53,8,2.8,037 km S 88° E of Cortes (Surigao Del Sur)
03 July 2020 - 02:45 AM,6.09,125.67,123,2.2,024 km N 16° E of Jose Abad Santos (Davao Occidental)
03 July 2020 - 02:22 AM,16.21,119.8,35,2,010 km N 08° E of Agno (Pangasinan)
03 July 2020 - 01:34 AM,21.45,120.1,5,3.3,221 km N 57° W of Sabtang (Batanes)
03 July 2020 - 12:58 AM,15.11,120.22,103,2.2,017 km N 69° E of San Felipe (Zambales)
03 July 2020 - 12:49 AM,7.51,126.68,48,2.9,015 km S 61° E of Baganga (Davao Oriental)
02 July 2020 - 10:44 PM,5.19,125.86,75,3.4,050 km S 58° E of Sarangani (Davao Occidental)
02 July 2020 - 10:33 PM,13.72,120.56,94,1.7,014 km S 32° W of Calatagan (Batangas)
02 July 2020 - 09:41 PM,8.05,126.23,8,3.3,020 km S 30° W of Bislig City (Surigao Del Sur)
02 July 2020 - 09:33 PM,6.93,126.28,28,2.4,007 km S 70° E of Mati City (Davao Oriental)
02 July 2020 - 09:13 PM,16.97,121.53,34,2.2,011 km S 79° W of Aurora (Isabela)
02 July 2020 - 09:12 PM,15.06,121.77,34,3.1,032 km N 42° W of Burdeos (Quezon)
02 July 2020 - 08:54 PM,6.41,126.11,121,2.8,027 km S 09° E of Governor Generoso (Davao Oriental)
02 July 2020 - 08:08 PM,9.65,126.26,24,1.8,019 km S 37° E of General Luna (Surigao Del Norte)
02 July 2020 - 06:57 PM,6.68,124.6,33,2.2,006 km N 13° E of Isulan (Sultan Kudarat)
02 July 2020 - 06:48 PM,8.22,126.19,28,2.4,014 km N 85° W of Bislig City (Surigao Del Sur)
02 July 2020 - 05:15 PM,5.76,125.52,191,3.3,017 km S 37° W of Jose Abad Santos (Davao Occidental)
02 July 2020 - 05:09 PM,10.26,126.31,10,3.3,037 km N 43° E of Burgos (Surigao Del Norte)
02 July 2020 - 04:57 PM,12.67,124.36,33,1.8,001 km S 21° E of Biri (Northern Samar)
02 July 2020 - 04:29 PM,8.59,126.84,1,2.6,062 km N 66° E of Hinatuan (Surigao Del Sur)
02 July 2020 - 04:20 PM,9.64,126,36,1.8,023 km S 48° W of General Luna (Surigao Del Norte)
02 July 2020 - 03:20 PM,10.07,125.3,9,2.8,015 km N 22° E of Pintuyan (Southern Leyte)
02 July 2020 - 03:10 PM,6.78,124.98,19,2.4,005 km S 54° E of Columbio (Sultan Kudarat)
02 July 2020 - 02:43 PM,10.39,126.46,1,3.1,059 km N 46° E of Burgos (Surigao Del Norte)
02 July 2020 - 02:29 PM,13.72,120.58,112,2.3,013 km S 24° W of Calatagan (Batangas)
02 July 2020 - 12:40 PM,9.65,126.24,27,2.3,017 km S 32° E of General Luna (Surigao Del Norte)
02 July 2020 - 11:26 AM,5.38,126.63,72,2.4,126 km S 64° E of Jose Abad Santos (Davao Occidental)
02 July 2020 - 11:15 AM,5.17,125.38,203,2.5,031 km S 20° W of Sarangani (Davao Occidental)
02 July 2020 - 09:55 AM,9,126.31,110,2.5,005 km N 50° E of Bayabas (Surigao Del Sur)
02 July 2020 - 09:44 AM,6.43,125.16,27,2,021 km N 30° W of Malungon (Sarangani)
02 July 2020 - 07:49 AM,9.02,126.5,28,2.5,024 km N 64° E of Cagwait (Surigao Del Sur)
02 July 2020 - 07:13 AM,7.76,126.51,22,2,007 km S 57° E of Cateel (Davao Oriental)
02 July 2020 - 04:27 AM,8.16,125.99,14,3.1,011 km N 25° E of Veruela (Agusan Del Sur)
02 July 2020 - 02:52 AM,8.86,126.45,30,2.1,017 km S 69° E of Cagwait (Surigao Del Sur)
02 July 2020 - 02:34 AM,4.43,125.95,139,3.3,123 km S 25° E of Sarangani (Davao Occidental)
02 July 2020 - 02:25 AM,10.09,122.42,7,1.6,036 km N 01° E of Sipalay City (Negros Occidental)
02 July 2020 - 01:35 AM,13.78,120.95,47,2.2,004 km N 24° E of Mabini (Batangas)
02 July 2020 - 12:56 AM,15.37,120.35,137,3.2,025 km N 69° W of Bamban (Tarlac)
02 July 2020 - 12:42 AM,16.74,120.47,33,2.6,004 km S 30° E of Santol (La Union)
02 July 2020 - 12:23 AM,2.21,126.7,33,4.4,381 km S 21° E of Sarangani (Davao Occidental)
02 July 2020 - 12:22 AM,19.1,122.21,35,2.5,072 km N 06° E of Santa Ana (Cagayan)
02 July 2020 - 12:21 AM,8.5,122.19,33,3,060 km N 37° W of Labason (Zamboanga Del Norte)
01 July 2020 - 11:54 PM,17.25,120.63,18,2.9,006 km N 78° E of San Emilio (Ilocos Sur)
01 July 2020 - 11:36 PM,6.36,126.73,36,2.8,079 km S 66° E of Governor Generoso (Davao Oriental)
01 July 2020 - 11:29 PM,16.21,122.31,30,2,021 km S 70° E of Casiguran (Aurora)
01 July 2020 - 10:30 PM,9.91,122.1,17,2.9,038 km N 64° W of Sipalay City (Negros Occidental)
01 July 2020 - 10:29 PM,13.26,120.83,54,2.2,023 km N 29° E of Santa Cruz (Occidental Mindoro)
01 July 2020 - 10:20 PM,17.18,120.58,9,2.3,006 km South° 00 of San Emilio (Ilocos Sur)
01 July 2020 - 09:29 PM,17.01,122.4,11,2.3,007 km S 39° W of Palanan (Isabela)
01 July 2020 - 08:56 PM,10.12,126.09,13,1.7,011 km N 10° E of Burgos (Surigao Del Norte)
01 July 2020 - 08:54 PM,10.11,126.03,20,2.2,011 km N 23° W of Burgos (Surigao Del Norte)
01 July 2020 - 08:42 PM,15.16,119.85,29,2,026 km N 64° W of San Felipe (Zambales)
01 July 2020 - 08:42 PM,5.79,126.04,145,2.5,096 km S 02° W of Governor Generoso (Davao Oriental)
01 July 2020 - 08:34 PM,8.11,125.99,32,1.7,006 km N 48° E of Veruela (Agusan Del Sur)
01 July 2020 - 07:45 PM,9.97,125.29,1,3.3,006 km N 62° E of Pintuyan (Southern Leyte)
01 July 2020 - 06:56 PM,9.69,123.56,17,2.6,008 km S 23° E of Dalaguete (Cebu)
01 July 2020 - 06:38 PM,13.87,120.48,88,2.8,017 km N 75° W of Calatagan (Batangas)
01 July 2020 - 06:24 PM,13.7,120.93,11,2.4,006 km S 10° W of Mabini (Batangas)
01 July 2020 - 04:27 PM,10.62,124.52,4,2.2,006 km S 71° E of Tudela (Cebu)
01 July 2020 - 12:03 PM,11.15,122.69,33,2.3,007 km N 50° E of Passi City (Iloilo)
01 July 2020 - 11:13 AM,14.12,120.35,111,1.6,029 km N 81° W of Nasugbu (Batangas)
01 July 2020 - 11:01 AM,6.02,126.15,128,2.2,054 km S 69° E of Don Marcelino (Davao Occidental)
01 July 2020 - 09:19 AM,15.25,124.29,75,2.8,133 km N 06° E of Pandan (Catanduanes)
01 July 2020 - 04:55 AM,9.95,123.57,6,3.4,008 km N 21° W of Argao (Cebu)
01 July 2020 - 04:54 AM,17.48,120.42,15,2.6,001 km S 62° W of Santa (Ilocos Sur)
01 July 2020 - 03:44 AM,19.78,121.31,15,2.8,058 km N 17° W of Calayan (Cagayan)
01 July 2020 - 02:37 AM,10.38,126.34,14,1.8,049 km N 37° E of Burgos (Surigao Del Norte)
01 July 2020 - 02:14 AM,8.37,123.63,21,1.8,022 km S 62° E of La Libertad (Zamboanga Del Norte)
01 July 2020 - 01:00 AM,12.3,125.85,1,3.1,040 km N 71° E of San Policarpo (Eastern Samar)
01 July 2020 - 12:30 AM,18.99,122.11,33,2,060 km N 03° W of Santa Ana (Cagayan)
01 July 2020 - 12:05 AM,8.38,126.89,4,1.7,061 km N 89° E of Hinatuan (Surigao Del Sur)
